iso3,food_serving,personal_care,arts_media,sales,transport,office_admin,tour_soc_mean,ai_autonomy_mean,ai_education_years_mean,artifact_academic_paper_or_thesis_pct,artifact_advice_or_recommendation_pct,artifact_analysis_or_summary_pct,artifact_app_or_website_pct,artifact_audio_or_music_pct,artifact_blog_or_article_pct,artifact_chart_or_visualization_pct,artifact_code_fix_or_debug_pct,artifact_config_or_infra_pct,artifact_creative_writing_pct,artifact_data_or_spreadsheet_pct,artifact_document_or_report_pct,artifact_educational_material_pct,artifact_email_or_message_pct,artifact_explanation_or_answer_pct,artifact_game_or_interactive_pct,artifact_idea_or_brainstorm_pct,artifact_image_or_graphic_pct,artifact_marketing_or_social_content_pct,artifact_math_or_calculation_pct,artifact_ml_or_ai_system_pct,artifact_none_pct,artifact_other_pct,artifact_plan_or_strategy_pct,artifact_presentation_or_slides_pct,artifact_recipe_or_meal_plan_pct,artifact_resume_or_job_application_pct,artifact_script_or_snippet_pct,artifact_sql_or_database_query_pct,artifact_translation_pct,artifact_ui_or_design_mockup_pct,artifact_video_or_animation_pct,collaboration_bucket_augmentation_pct,collaboration_bucket_automation_pct,collaboration_directive_pct,collaboration_feedback_loop_pct,collaboration_learning_pct,collaboration_none_pct,collaboration_task_iteration_pct,collaboration_validation_pct,human_education_years_mean,human_only_ability_pct,human_only_time_mean,human_with_ai_time_mean,multitasking_pct,usage_pct,usage_per_capita_index,use_case_coursework_pct,use_case_personal_pct,use_case_work_pct
AGO,,2.07,15.13,6.3,,8.98,2.07,2.9,11.96,1.57,5.16,2.98,8.3,0.05,0.25,1.87,3.74,1.26,1.47,3.09,18.97,4.15,3.14,16.79,0.1,0.3,1.62,2.48,1.72,0.35,7.18,0.35,3.24,3.09,0.25,1.47,2.78,0.35,0.71,1.01,0.2,45.46,54.54,40.07,12.87,14.29,2.94,28.32,1.52,10.2,78.91,5.62,30.6,20.17,0.05,0.1,28.51,34.02,37.46
ALB,,1.15,13.53,8.66,,7.44,1.15,2.79,12.13,2.2,11.07,4.34,5.63,0.0,0.65,1.81,4.53,1.36,1.1,1.94,11.84,1.94,3.56,16.12,0.26,0.39,1.42,3.43,2.01,0.52,6.28,0.06,3.5,3.56,0.65,2.01,4.27,0.97,1.17,1.17,0.26,51.59,48.41,29.0,17.62,17.43,3.71,29.84,2.41,10.89,85.31,4.91,36.72,22.91,0.04,1.02,20.97,37.02,42.01
ARE,0.4,1.24,13.11,9.48,0.42,9.08,0.8200000000000001,2.82,12.59,0.42,10.54,5.38,4.84,0.02,0.37,2.12,2.35,1.28,0.81,4.7,15.05,2.42,6.55,12.94,0.23,0.59,1.18,3.48,1.11,0.56,6.54,0.19,4.88,3.46,0.68,2.5,2.21,0.34,0.79,1.08,0.39,49.72,50.28,34.13,14.97,13.6,2.36,32.61,2.34,11.55,85.56,5.63,38.47,24.75,0.61,2.84,9.09,36.28,54.63
ARG,0.36,1.29,11.9,8.35,0.31,8.03,0.825,2.77,12.44,0.52,8.31,5.7,5.66,0.02,0.29,2.94,3.41,1.43,1.47,4.25,14.85,4.02,2.97,15.51,0.45,0.64,1.31,3.59,1.89,0.59,6.11,0.2,4.42,2.04,0.63,1.24,3.1,0.51,0.61,1.09,0.26,52.13,47.87,28.4,18.29,15.93,2.47,32.21,2.7,11.38,84.34,4.96,41.62,23.49,1.05,1.48,19.32,33.81,46.87
ARM,,1.77,15.55,9.28,,5.31,1.77,2.71,12.35,1.14,9.42,5.47,3.95,0.11,0.6,1.79,4.71,2.82,1.25,2.0,11.37,2.92,3.63,18.52,0.27,0.65,1.08,3.57,1.19,1.03,6.93,0.32,3.74,2.71,0.49,1.41,3.19,0.32,1.84,1.19,0.38,52.0,48.0,29.36,17.02,17.89,3.37,28.71,3.64,11.2,88.41,4.16,36.78,19.76,0.05,0.95,14.08,39.74,46.18
AUS,0.43,1.13,14.52,8.94,0.38,8.38,0.7799999999999999,2.72,12.73,1.24,11.36,5.92,3.12,0.02,0.41,2.27,2.34,1.28,1.22,3.14,17.94,2.77,6.09,15.14,0.29,0.72,0.71,2.56,1.8,0.27,6.08,0.15,4.11,2.11,0.74,2.04,2.58,0.32,0.33,0.77,0.17,54.5,45.5,29.41,15.07,15.72,2.25,33.87,3.68,12.1,90.75,4.61,43.39,25.95,2.65,6.4,20.69,36.64,42.67
AUT,0.48,0.97,13.08,9.9,0.28,7.22,0.725,2.68,12.57,1.54,11.82,5.59,3.47,0.04,0.52,1.93,3.36,2.07,1.32,2.24,13.12,2.43,5.12,19.78,0.34,0.7,0.76,2.36,1.68,0.47,6.05,0.15,3.7,1.91,0.82,1.2,3.39,0.3,1.16,0.47,0.17,54.06,45.94,28.09,16.7,19.24,2.49,29.68,3.8,11.77,90.19,3.97,39.85,22.0,0.37,2.61,18.17,44.62,37.2
AZE,,1.89,12.08,9.25,,5.67,1.89,2.67,11.74,0.96,10.29,3.56,4.75,0.0,0.1,2.09,5.06,2.33,1.71,2.43,9.64,3.32,2.43,22.3,0.51,0.58,0.75,2.12,1.33,0.41,6.5,0.34,3.69,3.28,0.34,1.44,3.73,0.75,2.19,0.82,0.24,51.42,48.58,28.51,18.34,20.85,3.54,26.11,2.65,10.37,85.77,4.1,33.82,20.22,0.07,0.43,18.88,44.87,36.25
BEL,0.51,1.07,14.58,9.76,0.33,7.55,0.79,2.67,12.65,2.34,10.91,5.71,3.03,0.02,0.39,2.36,2.71,1.66,1.08,2.38,14.32,3.22,5.07,20.2,0.4,0.73,0.89,1.88,1.74,0.32,5.65,0.17,3.8,2.05,0.85,1.29,2.59,0.31,1.23,0.62,0.1,57.3,42.7,26.9,14.86,21.09,2.23,31.17,3.76,11.81,89.5,4.08,40.44,23.07,0.68,3.8,28.26,38.9,32.84
BEN,,1.16,17.54,6.74,,7.48,1.16,2.81,12.29,2.15,5.05,2.46,7.27,0.03,0.67,2.32,3.3,1.25,1.51,2.26,20.03,3.94,3.9,13.83,0.24,0.98,1.41,4.64,2.63,0.61,5.18,0.3,3.6,2.12,0.17,1.82,3.43,0.61,0.71,1.11,0.47,52.63,47.37,32.87,13.38,14.49,2.36,34.7,2.2,11.03,79.37,6.83,42.71,24.58,0.07,0.39,27.03,33.02,39.95
BFA,,1.55,14.02,6.57,,8.64,1.55,2.84,12.7,1.92,5.24,3.84,5.55,0.05,0.1,1.92,2.95,0.78,1.19,2.44,21.77,6.12,2.28,16.02,0.16,0.67,1.04,2.02,4.72,0.52,6.64,0.16,2.85,1.92,0.21,1.71,2.75,0.31,0.98,0.83,0.36,47.4,52.6,39.43,11.58,15.79,3.01,28.57,1.61,11.41,80.78,5.93,33.76,19.59,0.05,0.15,38.76,30.26,30.98
BGD,0.38,1.33,14.23,8.12,0.22,6.59,0.855,2.75,11.97,1.33,7.67,3.28,6.82,0.02,0.86,2.77,4.61,1.3,1.66,2.14,11.35,5.53,2.53,16.91,0.35,0.76,1.29,4.07,2.47,0.69,6.25,0.19,4.17,2.21,0.18,1.89,3.52,0.33,0.96,1.21,0.69,49.25,50.75,36.86,12.51,18.02,2.71,27.36,2.54,10.65,84.65,5.03,30.96,17.69,0.31,0.11,27.07,36.48,36.45
BGR,0.48,1.0,11.9,10.86,0.35,6.4,0.74,2.69,12.3,0.88,12.07,5.33,4.47,0.0,0.64,1.7,4.23,2.39,1.12,2.73,11.37,2.15,3.55,18.97,0.32,0.86,0.99,3.46,1.16,0.65,6.14,0.09,4.88,1.7,0.67,0.75,3.83,0.45,1.25,0.88,0.3,51.39,48.61,28.17,19.28,18.24,2.39,28.91,3.01,11.31,88.12,4.39,41.98,22.78,0.13,1.36,10.66,43.2,46.14
BHR,,1.46,13.37,8.37,,9.04,1.46,2.75,12.27,0.96,8.73,4.48,4.19,0.0,0.45,2.21,3.29,1.19,1.08,3.51,14.73,4.25,4.25,18.13,0.51,0.4,1.25,1.87,2.55,0.4,6.29,0.17,3.63,2.89,0.79,1.7,3.17,0.51,1.25,1.02,0.17,52.5,47.5,30.89,15.45,15.39,2.44,31.46,4.37,11.19,84.47,4.98,40.36,22.9,0.04,1.5,25.11,35.83,39.06
BIH,,1.24,13.76,9.39,,6.51,1.24,2.68,12.06,1.17,11.57,4.19,4.95,0.0,0.59,1.09,4.36,2.35,1.01,2.77,12.91,1.93,3.86,19.28,0.34,0.75,1.51,3.27,1.84,0.67,5.45,0.25,4.02,2.1,0.5,0.92,3.69,0.17,1.09,1.26,0.17,49.09,50.91,29.4,20.05,16.09,2.86,27.38,4.21,10.92,87.52,4.75,40.83,20.85,0.03,0.61,14.91,41.71,43.38
BOL,,1.22,11.86,6.1,,10.37,1.22,2.86,12.94,1.33,5.18,4.11,5.56,0.05,0.23,4.09,4.02,1.31,1.52,3.69,22.69,4.86,1.17,13.47,0.35,0.35,0.79,1.63,3.01,0.68,6.77,0.21,2.57,3.2,0.16,0.61,3.78,0.96,0.47,1.0,0.19,48.44,51.56,35.66,14.85,12.34,2.04,32.7,2.42,11.66,80.95,5.65,35.47,17.76,0.11,0.56,43.26,23.02,33.71
BRA,0.33,1.21,14.16,7.2,0.28,8.89,0.77,2.84,12.89,0.78,6.59,5.49,6.28,0.04,0.31,2.42,3.83,1.7,1.5,3.88,18.73,2.22,3.2,12.6,0.48,0.59,1.31,4.74,1.12,0.91,6.81,0.26,4.22,2.63,0.38,0.89,3.33,0.64,0.53,1.1,0.46,48.82,51.18,33.16,16.84,11.95,2.3,33.32,2.43,11.84,81.79,5.4,37.45,19.79,3.33,0.96,11.52,31.12,57.35
BWA,,,13.9,7.38,,9.72,,2.93,12.76,1.24,6.8,3.83,5.44,0.0,0.12,2.35,2.47,0.87,1.98,2.72,22.37,6.18,2.6,14.71,0.37,0.62,0.87,0.99,3.21,0.37,6.3,0.0,3.96,3.09,0.37,3.21,1.48,0.37,0.25,0.87,0.0,48.48,51.52,39.8,10.51,14.71,2.35,30.78,1.85,11.66,83.56,6.2,38.87,23.36,0.02,0.52,37.33,27.19,35.48
CAN,0.57,1.28,13.35,11.27,0.38,7.6,0.925,2.7,12.13,0.5,14.69,5.58,3.29,0.03,0.39,1.75,2.5,1.42,1.5,2.84,13.32,1.68,6.41,17.82,0.35,0.79,0.79,2.64,1.43,0.34,6.32,0.15,4.55,1.33,0.91,2.72,2.35,0.25,0.54,0.65,0.17,52.67,47.33,29.28,16.77,17.71,2.7,30.13,3.41,11.31,91.06,4.34,42.32,26.07,2.63,4.13,8.25,49.64,42.11
CHE,0.62,1.17,13.8,10.44,0.36,7.98,0.895,2.68,12.56,1.2,12.18,5.79,2.99,0.04,0.32,1.94,2.28,1.58,0.81,2.67,14.2,2.63,6.21,19.42,0.28,0.66,0.76,2.0,1.46,0.43,6.32,0.17,3.78,2.28,0.94,1.9,2.45,0.28,1.3,0.59,0.14,55.85,44.15,28.35,14.73,19.49,2.43,31.68,3.33,11.73,90.72,3.98,38.71,23.25,0.7,5.02,17.3,43.92,38.78
CHL,0.4,1.21,11.6,7.67,0.32,9.13,0.8049999999999999,2.82,13.08,0.77,7.56,5.29,4.79,0.03,0.25,3.16,3.32,1.61,1.38,4.7,18.05,4.05,3.3,14.08,0.37,0.52,1.11,2.0,2.05,0.46,6.27,0.16,4.31,3.42,0.43,1.03,3.41,0.48,0.55,0.89,0.19,51.18,48.82,30.3,17.35,14.88,2.39,32.32,2.75,12.25,83.95,5.2,41.36,21.15,0.59,1.84,21.73,30.38,47.89
CIV,0.41,1.35,15.47,6.49,0.29,10.43,0.88,2.83,12.46,2.14,5.45,3.58,6.25,0.04,0.21,1.5,2.71,1.21,1.34,3.79,19.89,4.75,4.18,15.01,0.19,0.42,1.65,2.57,2.73,0.45,5.87,0.19,2.82,3.08,0.28,2.23,2.95,0.32,0.95,1.06,0.21,47.06,52.94,39.03,12.47,13.42,2.71,30.47,1.9,11.13,79.66,6.15,34.72,21.23,0.13,0.3,27.57,31.81,40.62
CMR,0.42,1.46,14.41,4.97,,8.79,0.94,2.86,12.83,3.06,4.32,2.79,6.84,0.05,0.44,1.21,2.71,1.29,1.41,1.88,22.05,6.59,2.67,15.71,0.22,0.52,1.28,2.62,3.71,0.54,5.73,0.18,2.84,1.93,0.18,1.75,2.81,0.45,1.19,0.72,0.3,44.81,55.19,42.26,11.43,15.0,2.73,27.34,1.25,11.65,78.69,6.98,36.97,21.62,0.15,0.38,41.1,26.5,32.4
COG,,,14.46,6.57,,10.16,,2.84,12.15,1.32,6.11,4.31,6.95,0.0,0.0,1.68,4.07,1.92,1.32,3.83,19.88,6.47,3.35,14.01,0.96,0.72,1.08,2.16,3.35,0.24,5.03,0.12,1.44,1.68,0.24,2.51,2.63,0.48,1.68,0.24,0.24,46.66,53.34,38.82,12.98,13.82,2.88,29.57,1.92,10.79,77.84,5.63,35.2,22.75,0.02,0.24,31.38,34.85,33.77
COL,0.27,1.24,13.24,6.52,0.3,9.66,0.755,2.83,13.08,0.86,5.84,4.41,4.92,0.01,0.21,3.56,3.37,1.39,0.96,5.14,20.61,3.68,3.1,12.37,0.3,0.47,1.14,3.01,2.4,0.58,6.32,0.13,3.74,3.98,0.37,1.2,3.44,0.7,0.57,0.94,0.28,49.98,50.02,33.62,15.45,12.54,1.9,34.33,2.16,12.12,82.49,5.33,38.2,20.74,1.03,1.18,30.08,24.52,45.4
CRI,0.41,1.4,11.75,8.58,,8.75,0.9049999999999999,2.79,12.56,0.49,8.69,4.88,5.01,0.04,0.39,2.42,3.51,1.71,0.99,4.07,15.39,3.75,4.11,15.12,0.26,0.64,1.22,2.91,2.01,0.49,6.23,0.19,4.6,2.29,0.71,1.54,3.6,0.88,0.75,0.9,0.21,51.07,48.93,29.06,18.67,15.22,2.45,32.3,2.3,11.63,84.93,4.89,40.71,23.99,0.13,1.57,21.21,33.31,45.48
CYP,,0.8,13.69,9.34,,8.52,0.8,2.72,12.74,0.97,12.02,5.4,3.82,0.11,0.58,1.55,3.17,1.87,1.04,2.88,15.3,2.52,5.33,15.77,0.32,0.58,0.76,3.85,1.3,0.36,6.48,0.29,4.5,1.48,0.97,1.01,2.88,0.43,1.37,0.9,0.22,52.26,47.74,29.42,17.3,16.9,2.14,31.42,2.82,11.8,87.9,4.76,40.89,24.3,0.07,3.08,9.11,38.73,52.16
CZE,0.49,1.04,11.78,10.41,0.34,7.22,0.765,2.71,12.54,1.07,11.76,5.59,3.83,0.02,0.61,2.08,3.28,2.14,1.13,2.52,12.77,2.86,3.82,20.47,0.66,0.66,0.79,2.3,1.52,0.55,6.53,0.2,3.62,1.72,0.9,0.72,3.23,0.34,1.39,0.66,0.27,51.48,48.52,28.91,18.19,19.62,2.93,26.9,3.45,11.62,90.72,3.88,38.62,21.7,0.3,1.84,15.29,45.1,39.61
DEU,0.54,1.19,12.5,10.77,0.39,7.46,0.865,2.68,12.4,1.32,12.33,5.58,3.51,0.03,0.36,1.9,2.78,2.16,1.22,2.36,12.86,2.4,5.25,20.13,0.3,0.72,0.71,2.32,1.24,0.42,6.15,0.19,4.03,1.9,0.78,1.88,3.01,0.27,1.09,0.62,0.18,54.78,45.22,27.41,16.69,19.88,2.48,30.23,3.3,11.57,90.1,3.94,40.77,22.55,2.98,2.4,13.65,48.73,37.62
DNK,0.47,0.89,15.75,9.19,0.33,7.01,0.6799999999999999,2.65,12.92,4.1,11.1,5.97,2.75,0.02,0.29,2.26,2.82,1.75,0.99,2.67,14.17,2.06,4.41,18.66,0.33,0.65,0.43,1.86,1.5,0.32,6.49,0.22,3.49,2.02,0.73,2.22,3.59,0.28,1.05,0.66,0.13,57.73,42.27,26.19,15.15,18.85,2.2,33.14,4.46,12.33,91.21,3.95,43.2,21.76,0.32,3.57,25.31,39.33,35.36
DOM,0.41,1.42,12.99,7.45,,9.06,0.9149999999999999,2.85,12.26,0.54,7.57,4.54,6.18,0.04,0.44,2.55,4.42,1.66,1.93,4.0,16.48,4.98,3.57,12.98,0.58,0.5,1.58,2.9,1.68,0.52,6.08,0.17,3.96,3.09,0.46,0.93,2.88,0.54,0.7,1.18,0.39,47.9,52.1,33.33,17.33,11.69,2.77,33.06,1.83,10.98,81.59,5.28,38.7,24.48,0.12,0.67,18.37,35.13,46.5
DZA,0.35,1.61,12.58,6.47,0.17,7.24,0.98,2.71,12.52,2.62,6.62,4.96,5.43,0.02,0.15,2.67,4.07,1.0,1.3,1.48,12.17,7.9,1.6,21.06,0.4,0.44,1.08,1.41,4.27,0.61,5.95,0.11,3.0,1.95,0.28,0.84,3.43,0.4,1.83,0.69,0.23,52.57,47.43,33.09,12.83,21.83,3.18,26.42,2.66,11.3,82.69,4.5,33.43,17.64,0.39,0.56,47.12,31.08,21.8
ECU,0.25,1.35,13.88,6.48,0.25,9.14,0.8,2.81,12.91,1.38,5.9,3.96,4.06,0.0,0.16,4.27,3.27,1.33,1.05,4.18,21.84,4.43,2.74,13.71,0.43,0.38,1.07,2.47,2.41,0.47,6.88,0.13,3.4,3.61,0.4,0.85,3.02,0.71,0.5,0.74,0.24,50.62,49.38,34.15,14.09,11.65,2.31,35.55,2.25,11.85,83.78,4.89,34.67,20.16,0.17,0.58,38.64,22.73,38.63
EGY,0.29,1.56,10.38,7.37,0.29,6.8,0.925,2.76,12.65,0.85,7.96,3.53,6.88,0.0,0.29,2.59,5.97,1.77,1.0,3.05,11.28,4.97,2.08,17.5,0.42,0.58,0.95,2.31,1.75,0.95,6.54,0.21,3.96,2.82,0.47,2.0,4.22,0.62,1.1,1.02,0.34,49.13,50.87,32.52,17.04,17.87,2.58,27.32,2.66,11.44,81.05,5.2,34.9,18.03,0.62,0.36,28.15,31.07,40.78
ESP,0.56,1.17,12.75,9.14,0.33,8.01,0.865,2.73,12.77,1.15,10.31,5.64,4.37,0.04,0.42,2.31,3.31,1.77,1.16,3.03,15.9,3.25,4.23,16.07,0.5,0.52,0.89,2.7,1.5,0.56,6.18,0.16,4.33,2.1,0.78,1.07,3.22,0.46,1.05,0.75,0.28,51.9,48.1,28.98,18.13,16.42,2.06,31.41,3.01,11.85,86.59,4.87,43.32,22.99,2.05,2.69,19.22,38.5,42.28
EST,,1.27,12.55,11.43,,6.74,1.27,2.68,12.2,1.47,13.92,5.72,3.5,0.04,0.56,1.5,3.09,1.92,1.2,2.41,11.85,1.2,4.4,20.24,0.26,0.94,0.94,2.56,1.69,0.53,6.4,0.23,3.61,1.88,1.13,0.98,3.05,0.38,1.54,0.53,0.34,50.78,49.22,29.67,18.25,18.1,2.66,27.09,4.25,11.37,92.07,3.95,40.36,23.08,0.07,3.21,12.67,46.95,40.38
FIN,0.52,1.11,14.07,10.84,0.33,6.39,0.8150000000000001,2.66,12.41,1.85,11.81,6.85,2.96,0.04,0.57,2.07,2.96,2.02,1.59,2.11,11.09,1.45,3.98,21.88,0.61,0.88,0.47,2.06,1.49,0.47,6.46,0.12,3.92,1.96,0.76,1.82,3.04,0.3,1.73,0.54,0.14,54.09,45.91,27.17,17.49,20.81,2.74,27.79,4.0,11.7,91.77,3.89,41.08,23.65,0.18,2.19,12.85,48.67,38.49
FRA,0.63,1.23,13.78,11.0,0.34,7.69,0.9299999999999999,2.68,12.12,0.98,12.37,4.84,3.53,0.04,0.35,2.05,2.6,1.44,1.28,2.51,13.72,3.33,5.5,19.22,0.42,0.75,0.87,2.23,1.71,0.4,5.85,0.17,4.08,1.96,0.98,2.05,2.6,0.22,1.05,0.75,0.15,54.4,45.6,28.63,15.95,18.18,2.21,32.2,2.82,11.0,88.4,4.17,39.67,22.56,3.95,3.97,17.65,48.11,34.23
GBR,0.58,1.15,13.53,9.94,0.43,7.27,0.865,2.69,12.69,1.73,13.58,6.23,3.14,0.03,0.46,1.72,2.17,1.17,1.28,2.46,14.62,3.28,5.81,16.8,0.31,0.73,0.66,2.59,1.56,0.29,6.19,0.15,4.61,1.65,0.79,2.35,2.18,0.26,0.39,0.64,0.15,55.19,44.81,28.29,15.4,18.2,2.49,31.33,4.29,11.98,91.2,4.69,48.03,26.29,3.47,3.35,17.5,43.47,39.02
GEO,0.56,1.39,13.18,9.64,,5.33,0.975,2.66,12.0,0.89,11.87,4.65,4.03,0.02,0.57,1.85,4.35,1.83,1.36,2.65,9.15,3.17,2.89,21.71,0.27,0.84,1.06,2.74,1.46,0.62,5.89,0.3,4.28,1.41,0.96,1.29,3.83,0.52,2.45,0.69,0.4,51.91,48.09,28.12,18.42,20.19,3.24,26.52,3.51,10.87,89.31,3.91,39.29,22.89,0.1,1.8,12.29,45.72,41.99
GHA,0.29,1.46,16.07,6.64,0.34,8.59,0.875,2.86,12.27,2.33,6.3,2.81,6.81,0.0,0.34,1.53,3.61,1.03,1.23,2.23,18.33,5.52,5.09,17.02,0.21,0.55,1.69,2.64,2.33,0.29,5.64,0.09,3.1,3.0,0.14,2.16,1.95,0.3,0.32,0.97,0.45,45.32,54.68,40.9,12.5,14.59,2.34,27.42,2.25,11.16,83.28,6.44,36.38,24.68,0.19,0.38,29.57,32.64,37.78
GRC,0.51,1.0,11.4,9.87,0.38,7.86,0.755,2.71,12.88,1.6,11.14,5.74,4.16,0.02,0.54,1.66,3.86,2.04,1.08,3.39,13.07,1.96,4.49,18.49,0.31,0.56,1.01,2.28,1.2,0.44,6.6,0.2,4.11,2.05,0.64,0.89,3.83,0.48,1.23,0.66,0.26,52.19,47.81,27.58,19.06,17.94,2.45,29.68,3.29,12.04,87.27,4.56,42.26,21.64,0.23,1.51,13.57,39.3,47.13
GTM,0.36,1.4,12.46,7.33,,9.69,0.8799999999999999,2.82,12.44,0.65,7.29,3.62,5.32,0.05,0.19,3.55,3.64,1.89,1.25,5.3,17.72,3.57,3.14,13.57,0.34,0.65,1.15,2.09,2.64,0.41,6.98,0.14,3.26,3.76,0.48,1.1,3.02,1.03,0.62,1.15,0.43,48.25,51.75,33.12,17.39,13.03,2.41,31.7,2.36,11.34,83.55,4.92,38.66,21.82,0.1,0.37,32.03,28.67,39.3
HND,,1.42,13.32,7.58,,9.64,1.42,2.81,11.96,0.78,7.29,3.98,5.49,0.0,0.17,2.41,3.36,1.68,1.85,5.49,16.54,4.04,4.09,15.19,0.39,0.62,2.02,3.03,2.24,0.17,6.22,0.39,3.48,2.19,0.62,1.01,2.8,1.01,0.22,0.84,0.39,47.26,52.74,34.37,16.62,12.73,3.32,31.27,1.69,10.74,83.96,4.49,34.76,21.87,0.04,0.26,21.92,31.61,46.47
HRV,0.71,1.15,11.18,10.61,,6.89,0.9299999999999999,2.66,12.44,0.81,11.95,5.0,3.56,0.05,0.45,1.96,3.68,1.89,1.27,2.53,13.34,1.98,4.21,19.79,0.24,0.62,0.91,2.49,1.55,0.24,6.6,0.65,3.73,1.82,0.67,0.86,4.61,0.5,1.24,0.65,0.17,50.97,49.03,30.43,17.33,17.76,2.6,28.79,3.1,11.55,90.11,4.2,40.7,22.15,0.1,1.8,13.53,42.9,43.57
HTI,,1.64,18.9,6.46,,7.33,1.64,2.79,11.26,1.26,6.2,3.0,7.16,0.0,0.1,1.06,2.9,0.77,2.23,1.84,16.07,8.23,2.9,18.97,0.29,0.77,1.55,3.1,3.78,0.1,5.52,0.29,3.0,1.45,0.29,1.84,1.55,0.29,2.13,0.68,0.68,47.74,52.26,37.43,12.86,17.6,3.77,26.02,2.32,9.58,83.37,5.11,33.12,23.72,0.03,0.14,29.3,40.81,29.88
HUN,0.51,1.15,11.97,10.16,0.48,6.72,0.83,2.71,12.62,1.19,11.54,5.25,3.76,0.06,0.55,1.96,4.1,2.22,1.7,2.8,11.8,3.14,3.49,20.13,0.47,0.71,0.96,2.15,1.4,0.44,6.52,0.19,3.83,1.87,0.68,0.91,3.8,0.28,1.41,0.52,0.16,51.9,48.1,28.12,18.62,19.78,2.83,26.76,3.89,11.79,87.93,4.27,40.84,21.98,0.16,1.07,17.02,45.11,37.87
IDN,0.26,1.21,17.35,5.29,0.26,8.71,0.735,2.83,13.3,4.14,5.09,4.77,4.27,0.01,0.46,3.45,3.42,1.01,1.76,3.12,22.69,4.96,1.75,12.94,0.35,0.92,0.8,2.19,1.74,0.47,6.71,0.16,2.19,3.87,0.21,1.12,2.98,0.41,0.8,0.95,0.31,52.49,47.51,36.49,10.2,12.61,1.72,36.61,2.37,12.31,84.63,4.98,32.32,16.93,2.08,0.46,45.88,24.71,29.41
IND,0.3,1.29,11.82,7.84,0.29,7.46,0.795,2.84,12.61,0.8,9.52,3.72,6.57,0.02,0.58,2.8,4.97,1.22,1.09,3.02,12.34,5.35,3.19,13.76,0.28,0.68,1.06,3.08,1.35,0.56,6.7,0.15,5.09,2.57,0.4,3.31,3.43,0.54,0.29,1.08,0.5,48.13,51.87,36.73,13.93,16.17,2.33,28.55,2.29,11.4,84.06,5.69,35.58,19.92,7.12,0.3,19.95,35.92,44.14
IRL,0.55,1.53,12.06,11.11,0.39,7.14,1.04,2.69,12.26,1.3,15.51,5.08,2.88,0.01,0.34,2.02,1.89,1.13,1.32,2.5,13.23,3.3,5.47,17.6,0.41,0.49,0.65,1.91,1.74,0.32,6.35,0.14,4.78,1.69,0.96,3.13,2.22,0.24,0.65,0.62,0.13,53.26,46.74,29.42,16.15,18.89,2.52,29.23,3.8,11.36,91.22,4.42,43.8,26.38,0.27,3.23,15.8,47.94,36.26
IRQ,0.5,1.99,12.35,8.14,0.27,6.95,1.245,2.71,11.75,1.79,8.83,4.47,6.33,0.06,0.08,1.15,3.4,0.9,2.17,1.7,10.14,8.59,1.38,23.95,0.58,0.57,1.15,1.2,2.8,0.55,6.39,0.25,2.66,1.61,0.31,0.65,2.64,0.31,2.44,0.68,0.27,50.56,49.44,34.18,13.36,20.61,3.85,24.83,3.17,10.35,81.12,4.17,29.21,14.63,0.16,0.24,34.54,41.92,23.54
ISL,,,11.3,10.1,,8.0,,2.71,12.36,1.91,14.7,4.83,4.23,0.0,0.3,2.52,1.71,2.11,1.31,2.82,13.19,2.11,3.02,20.34,0.3,1.21,1.01,1.21,1.31,0.1,6.75,0.5,4.53,1.51,0.6,0.5,2.32,0.3,1.71,0.91,0.1,51.62,48.38,27.3,19.41,17.9,3.44,28.11,3.84,11.44,89.34,4.06,45.54,24.85,0.02,4.02,14.6,48.94,36.46
ISR,0.46,1.15,11.45,8.05,0.3,8.19,0.8049999999999999,2.75,12.95,0.71,8.78,6.63,5.63,0.04,0.52,1.86,3.96,2.08,0.96,3.23,14.7,1.9,4.27,16.24,0.33,0.63,0.99,1.97,1.18,0.72,7.54,0.25,4.23,2.15,0.67,0.89,3.94,0.54,1.29,0.86,0.31,48.06,51.94,31.38,19.02,14.98,2.96,29.01,2.65,12.14,84.51,4.5,38.02,20.16,0.43,3.05,9.42,37.26,53.32
ITA,0.54,1.14,14.6,9.28,0.31,7.72,0.84,2.71,12.87,1.43,10.36,5.78,3.54,0.03,0.58,1.93,3.66,1.65,1.55,2.8,14.59,2.72,4.53,18.81,0.4,0.6,0.84,2.67,1.45,0.43,5.95,0.17,3.61,2.22,0.85,1.04,3.29,0.37,1.31,0.61,0.23,53.64,46.36,28.32,16.96,17.68,2.33,31.27,3.44,11.93,87.85,4.51,41.18,21.22,1.5,1.7,16.19,40.93,42.89
JAM,,,15.27,7.26,,7.94,,2.82,12.26,0.3,10.01,4.25,5.23,0.08,0.68,0.91,4.09,1.36,1.9,2.81,18.42,5.38,4.62,13.19,0.61,0.76,1.44,2.65,2.2,0.15,5.53,0.08,3.03,2.65,0.38,2.05,3.26,0.61,0.3,0.83,0.23,50.51,49.49,32.49,15.87,13.65,2.29,33.33,2.36,11.33,85.2,5.72,44.13,28.35,0.03,0.66,18.73,37.98,43.29
JOR,,1.47,11.37,8.04,,7.48,1.47,2.73,12.54,1.49,8.33,4.31,5.86,0.0,0.22,2.19,4.96,1.49,1.05,2.14,13.84,4.42,2.6,19.48,0.5,0.35,1.2,1.68,1.62,0.83,5.81,0.2,3.93,3.13,0.59,1.31,3.54,0.48,1.31,0.9,0.26,51.07,48.93,30.71,16.79,18.27,2.9,27.86,3.47,11.42,82.14,5.02,35.74,18.43,0.11,0.64,30.02,32.88,37.1
JPN,0.58,1.17,14.7,8.97,0.43,8.46,0.875,2.72,12.88,0.46,10.44,8.15,3.4,0.04,1.69,1.82,2.42,1.14,2.29,3.73,13.91,1.02,4.42,19.21,0.32,0.79,0.63,2.69,0.85,0.35,6.49,0.24,4.36,2.63,0.42,1.19,2.72,0.18,1.27,0.57,0.14,52.55,47.45,28.81,17.1,18.56,3.25,28.07,4.22,12.49,86.22,4.22,45.65,21.71,3.28,1.91,5.85,47.15,47.0
KAZ,0.48,1.54,15.23,8.54,0.23,6.99,1.01,2.7,11.89,1.93,10.38,4.27,4.73,0.08,0.31,1.99,2.69,1.61,2.16,2.36,13.94,4.01,2.28,18.69,0.74,0.59,0.8,2.52,2.24,0.84,6.47,0.27,3.6,2.6,0.55,0.65,2.87,0.65,1.7,0.81,0.67,50.74,49.26,31.09,16.43,16.89,3.55,28.95,3.09,10.75,86.36,4.42,36.87,21.66,0.21,0.71,23.06,40.57,36.37
KEN,0.33,1.27,15.44,7.02,0.23,8.41,0.8,2.87,12.67,1.57,6.77,3.5,7.34,0.01,0.76,1.78,4.3,1.69,0.85,3.22,17.53,4.44,5.2,13.63,0.2,0.64,1.1,3.03,1.26,0.23,5.32,0.12,3.31,2.48,0.29,4.41,2.86,0.56,0.27,0.97,0.35,45.39,54.61,37.97,15.27,12.48,2.52,29.71,2.06,11.63,83.09,6.64,39.49,25.57,0.27,0.34,18.8,30.05,51.15
KGZ,,2.87,14.9,8.62,,6.28,2.87,2.68,11.36,1.41,9.29,3.43,5.72,0.0,0.13,1.55,3.23,1.75,1.88,2.29,12.72,4.58,2.89,20.39,0.47,0.87,1.08,1.55,2.22,1.01,7.0,0.13,4.51,2.83,0.2,0.81,2.56,0.54,2.09,0.61,0.27,49.05,50.95,31.64,17.17,18.26,4.19,25.96,2.77,10.02,85.25,4.48,34.33,22.36,0.04,0.35,22.76,44.71,32.53
KHM,,1.17,12.61,7.0,,6.83,1.17,2.79,12.4,0.56,6.43,4.3,6.95,0.04,0.3,2.3,7.78,2.43,1.35,3.48,10.38,4.17,3.26,17.81,0.39,0.52,0.56,2.56,1.17,0.39,6.39,0.04,2.95,3.26,0.26,1.13,4.52,1.09,1.69,1.3,0.22,47.71,52.29,32.39,18.31,15.78,3.05,27.99,2.48,11.2,85.45,4.75,36.08,21.36,0.06,0.21,19.67,34.69,45.64
KOR,0.38,1.16,16.76,7.0,0.36,8.15,0.77,2.64,13.45,1.18,8.38,8.6,2.84,0.04,1.66,2.54,3.11,1.01,1.83,3.12,16.76,2.06,3.0,18.03,0.24,0.85,0.77,1.76,1.03,0.43,5.74,0.19,3.34,3.74,0.22,1.83,2.93,0.31,1.49,0.78,0.21,56.24,43.76,29.63,13.16,17.49,2.2,33.69,3.83,13.02,84.18,4.76,41.79,21.67,3.24,3.78,14.9,37.86,47.24
KWT,0.44,1.31,11.18,10.19,,8.51,0.875,2.73,11.79,0.61,11.63,4.6,5.59,0.06,0.15,1.76,2.66,0.85,1.58,3.89,12.09,4.19,4.04,18.1,0.73,0.64,1.43,2.31,2.23,0.44,6.53,0.2,4.19,2.55,0.79,1.14,2.02,0.38,1.2,1.11,0.29,51.14,48.86,31.08,16.15,17.32,3.33,28.76,3.36,10.54,83.54,5.08,37.98,21.29,0.08,0.92,15.11,44.83,40.06
LBN,,1.14,13.34,7.66,,7.17,1.14,2.77,12.79,0.97,8.38,4.78,5.9,0.0,0.15,2.12,4.31,1.27,1.45,3.01,14.04,4.6,3.48,15.45,0.38,0.47,1.06,2.71,2.98,0.59,5.96,0.09,3.63,3.98,0.56,1.47,3.54,0.68,0.74,0.97,0.29,54.48,45.52,28.1,16.36,18.1,2.34,31.5,3.61,11.72,83.25,5.34,40.8,23.21,0.08,0.96,25.52,30.59,43.89
LKA,0.3,1.38,13.44,6.09,0.24,8.02,0.84,2.83,12.9,1.28,5.66,3.08,6.6,0.03,0.5,3.79,5.38,1.85,1.01,2.74,15.94,5.63,3.03,14.99,0.28,0.75,0.75,2.78,1.68,0.52,6.21,0.14,3.36,3.52,0.16,1.41,3.71,0.58,0.79,1.22,0.61,47.81,52.19,36.47,14.5,16.05,2.36,27.76,2.87,11.74,84.26,5.15,34.65,17.54,0.19,0.56,34.98,26.04,38.98
LTU,0.43,1.2,12.27,10.81,,7.24,0.815,2.7,12.26,1.99,14.12,5.03,3.38,0.05,0.46,1.94,3.28,2.53,1.07,2.94,10.67,1.68,4.01,19.64,0.39,0.68,1.02,2.24,2.11,0.53,7.15,0.1,3.67,2.04,0.51,0.85,3.23,0.29,1.36,0.83,0.19,52.01,47.99,28.95,17.62,19.89,2.95,27.58,3.0,11.34,90.47,3.8,38.71,22.51,0.1,2.28,17.48,43.8,38.72
LUX,,1.12,13.24,10.54,,8.34,1.12,2.67,12.74,1.48,13.11,5.47,3.06,0.05,0.28,1.62,3.01,1.62,0.69,3.38,14.54,2.45,6.11,18.62,0.14,0.46,0.65,1.57,1.76,0.42,6.3,0.05,4.35,1.71,0.83,1.71,2.18,0.19,1.48,0.65,0.05,53.21,46.79,30.4,15.3,17.81,2.32,31.1,3.07,11.78,88.69,4.18,40.31,23.58,0.05,4.85,12.18,45.0,42.82
LVA,0.67,1.19,13.25,9.83,,7.03,0.9299999999999999,2.68,12.3,1.8,12.03,6.62,2.89,0.0,0.34,2.14,3.72,1.92,1.17,2.93,12.82,2.11,3.87,18.91,0.34,0.94,1.13,2.26,2.14,0.41,5.98,0.26,3.76,2.44,0.71,0.56,3.27,0.34,1.47,0.53,0.19,52.3,47.7,28.33,18.11,18.71,2.65,28.48,3.71,11.4,89.51,4.07,42.73,25.42,0.07,2.37,18.58,43.25,38.17
MAR,0.36,1.46,13.15,7.35,0.23,7.64,0.9099999999999999,2.77,12.7,1.97,7.37,4.26,5.97,0.02,0.42,2.92,3.78,1.65,0.96,2.63,15.78,4.58,3.03,15.6,0.32,0.54,1.01,2.37,2.03,0.56,5.73,0.21,4.02,3.54,0.36,1.36,4.18,0.41,1.2,0.89,0.34,52.29,47.71,30.78,15.71,16.89,2.56,31.52,2.54,11.45,81.42,5.57,39.67,19.76,0.54,0.9,34.89,30.6,34.51
MDA,,1.05,14.61,9.31,,7.49,1.05,2.7,12.16,2.3,9.4,4.98,4.98,0.0,0.52,2.07,4.79,1.36,1.41,1.64,14.33,3.1,2.87,17.2,0.47,0.66,1.17,3.15,2.21,0.47,6.11,0.14,3.1,2.91,0.7,0.75,3.48,0.47,1.83,0.8,0.61,49.23,50.77,32.53,17.09,15.11,2.26,30.51,2.5,11.03,87.17,4.46,34.8,21.1,0.05,1.45,25.14,38.16,36.7
MDG,,1.65,14.97,6.36,,9.49,1.65,2.79,12.78,1.36,5.69,3.08,6.81,0.0,0.59,2.25,6.81,2.61,0.59,3.5,15.7,4.21,4.38,12.2,0.47,0.36,1.18,3.73,1.13,0.36,6.69,0.12,3.26,2.61,0.3,2.55,4.5,0.3,1.3,1.18,0.18,47.73,52.27,33.49,17.7,14.37,2.08,29.81,2.55,11.64,82.82,5.62,37.32,19.96,0.04,0.1,25.59,28.91,45.5
MEX,0.46,1.24,13.18,8.67,0.35,8.35,0.85,2.81,12.49,0.73,8.86,4.71,5.12,0.04,0.35,3.13,3.57,1.5,1.85,4.43,16.88,2.69,3.48,13.81,0.34,0.64,1.09,2.86,1.81,0.5,6.32,0.2,4.28,3.3,0.61,1.1,3.25,0.61,0.6,0.98,0.34,49.64,50.36,31.65,17.55,13.94,2.31,32.11,2.44,11.44,85.04,5.07,40.17,22.46,1.32,0.63,21.08,33.95,44.97
MKD,,,12.98,9.16,,7.02,,2.72,12.32,1.16,9.93,3.31,6.17,0.09,0.98,2.68,5.55,2.5,1.43,2.42,11.63,2.33,3.76,17.26,0.72,0.89,0.98,2.33,2.5,0.45,5.37,0.09,4.11,2.24,0.63,1.07,4.03,0.63,1.61,0.54,0.63,52.87,47.13,26.73,19.08,18.36,2.79,29.97,3.06,11.27,87.48,4.62,43.17,22.72,0.03,0.98,17.89,40.25,41.86
MLT,,,15.19,7.7,,8.58,,2.74,12.76,2.06,10.92,4.6,4.46,0.07,0.55,1.85,3.85,1.92,1.17,3.43,15.11,2.34,6.52,13.8,0.21,0.27,1.03,3.78,1.79,0.55,7.14,0.21,3.78,2.34,0.69,1.03,2.47,0.41,0.89,0.55,0.21,50.11,49.89,30.88,17.81,15.68,2.41,30.19,3.03,11.94,87.51,4.66,44.08,23.75,0.04,4.0,17.64,34.32,48.04
MNG,,2.05,13.12,7.74,,9.52,2.05,2.78,11.88,1.24,7.55,3.71,3.71,0.0,0.24,3.71,2.16,1.27,1.13,3.54,12.08,3.74,1.85,20.19,0.76,0.45,1.41,1.44,5.97,0.38,7.62,0.24,2.2,5.18,0.31,0.38,2.61,0.45,3.4,0.89,0.21,42.56,57.44,42.95,12.21,13.76,3.97,25.22,1.9,10.38,86.37,3.71,24.1,17.98,0.07,1.37,34.11,33.05,32.84
MOZ,,1.74,19.86,5.48,,9.18,1.74,2.88,12.44,2.57,4.65,3.36,5.5,0.07,0.29,1.93,2.5,0.5,0.86,2.72,24.52,5.08,3.15,13.87,0.57,0.57,1.5,1.43,3.5,0.14,7.15,0.14,2.72,4.15,0.07,1.43,2.36,0.29,1.22,0.93,0.29,47.87,52.13,40.62,10.17,12.82,2.58,31.95,1.86,10.93,83.2,5.27,31.32,20.23,0.03,0.08,43.32,24.8,31.88
MUS,,1.2,13.54,7.47,,10.34,1.2,2.8,12.62,0.47,10.06,4.02,5.7,0.0,0.4,2.21,3.62,1.07,1.88,4.02,17.71,4.09,6.37,12.41,0.34,0.34,0.94,2.35,2.01,0.4,6.57,0.07,3.35,2.75,0.34,1.54,2.88,0.4,0.6,0.6,0.47,49.38,50.62,34.77,14.42,12.4,2.83,33.56,2.02,11.68,84.64,5.68,40.27,23.68,0.04,1.74,17.84,32.8,49.36
MYS,0.37,1.09,14.54,8.05,0.32,8.13,0.73,2.78,12.7,1.55,8.63,5.05,4.65,0.04,0.42,2.93,3.9,1.39,1.73,3.73,16.43,2.57,4.27,14.8,0.23,0.6,0.89,3.18,1.55,0.41,6.12,0.14,4.13,3.16,0.32,1.14,3.25,0.45,0.92,1.15,0.26,52.8,47.2,30.77,15.15,16.0,2.71,32.1,3.27,11.85,86.07,5.1,41.25,22.83,0.51,0.87,19.82,33.9,46.28
NAM,,,13.55,7.24,,10.39,,2.82,12.67,1.72,5.95,3.04,4.23,0.0,0.13,1.85,2.65,0.53,1.59,3.84,20.11,5.42,4.76,13.62,0.53,0.66,1.46,1.46,5.56,0.13,6.75,0.0,4.5,2.51,0.13,2.38,3.17,0.66,0.4,0.26,0.0,47.09,52.91,40.13,11.66,15.36,2.12,28.21,2.52,11.93,82.14,5.77,33.7,23.97,0.02,0.44,36.38,27.78,35.85
NGA,0.32,1.42,21.76,7.79,0.25,6.68,0.87,2.81,11.87,2.01,6.57,3.0,6.73,0.02,0.87,1.01,3.29,0.91,3.1,2.04,15.25,4.41,7.26,12.53,0.19,0.75,1.62,6.76,1.21,0.45,5.19,0.17,4.3,2.03,0.17,3.42,2.24,0.26,0.26,1.06,0.91,48.3,51.7,36.19,14.21,12.4,2.51,32.6,2.09,10.75,83.76,7.01,46.99,28.31,0.73,0.24,17.63,34.73,47.64
NLD,0.69,1.13,13.74,11.09,0.37,7.55,0.9099999999999999,2.69,12.41,1.87,12.68,5.59,3.44,0.03,0.5,2.03,2.67,1.77,0.95,2.5,13.98,1.42,5.69,18.64,0.28,0.94,0.73,2.52,1.27,0.38,6.52,0.19,4.04,1.76,1.0,1.51,2.9,0.3,1.03,0.69,0.18,54.73,45.27,27.79,16.42,18.3,2.32,31.75,3.41,11.61,90.32,3.97,40.01,23.77,1.07,3.9,14.64,44.54,40.82
NOR,0.61,0.93,13.1,10.12,0.35,6.59,0.77,2.63,12.63,2.77,11.46,6.17,2.97,0.04,0.32,2.03,2.38,1.71,1.23,2.35,13.06,3.47,3.95,22.23,0.37,0.76,0.6,1.32,2.47,0.41,5.71,0.12,3.34,1.98,0.87,1.34,2.53,0.26,1.03,0.58,0.14,58.74,41.26,24.99,15.27,23.65,2.42,28.81,4.86,11.96,91.31,3.86,44.3,24.24,0.35,4.04,26.38,42.45,31.17
NPL,0.27,1.52,12.7,6.78,0.25,6.74,0.895,2.78,12.27,0.97,7.82,2.88,5.16,0.03,0.62,3.25,5.62,1.63,1.04,2.08,14.19,6.02,1.81,18.11,0.34,0.8,1.0,2.54,2.51,0.45,5.77,0.08,3.93,2.54,0.26,1.81,3.57,0.57,0.85,1.09,0.66,48.73,51.27,36.39,13.58,17.42,2.54,27.78,2.29,11.02,86.59,4.8,32.09,19.69,0.19,0.41,31.95,33.98,34.07
NZL,0.44,1.05,14.86,9.09,0.29,8.0,0.745,2.69,12.58,1.33,10.99,5.96,3.1,0.03,0.44,2.38,2.81,1.54,1.05,2.97,17.05,2.42,5.94,16.26,0.28,0.66,0.75,2.43,2.05,0.34,6.21,0.15,3.87,1.77,0.97,1.92,2.77,0.25,0.37,0.81,0.13,53.67,46.33,28.98,16.21,16.29,2.48,32.22,3.83,11.95,91.19,4.37,43.02,26.66,0.39,4.84,19.57,37.27,43.16
OMN,,1.65,12.34,7.27,,9.7,1.65,2.8,12.52,1.22,7.93,4.6,6.45,0.0,0.11,2.08,3.0,1.19,1.04,3.86,15.8,4.78,4.34,14.68,0.41,0.56,1.33,1.67,2.41,0.52,7.16,0.22,3.15,3.86,0.3,1.71,2.56,0.44,1.08,1.22,0.33,49.92,50.08,34.24,14.4,13.77,2.87,32.56,2.16,11.31,81.27,5.41,35.57,19.55,0.07,0.73,25.03,31.81,43.16
PAK,0.3,1.14,15.21,7.78,0.22,7.05,0.72,2.77,11.89,1.14,7.01,2.87,6.64,0.0,1.14,2.19,4.03,1.15,1.58,2.41,12.72,6.33,3.68,14.52,0.35,0.62,1.66,4.89,1.71,0.81,6.14,0.19,4.04,2.6,0.27,2.31,3.61,0.45,0.69,1.16,1.1,49.31,50.69,35.65,13.79,16.23,2.46,29.57,2.29,10.47,83.82,5.11,34.96,21.38,1.08,0.31,29.74,29.94,40.32
PAN,,1.34,12.5,8.0,0.41,9.39,1.34,2.81,12.38,0.39,8.44,5.47,4.98,0.0,0.39,3.0,2.28,1.62,1.35,4.98,17.96,3.91,3.85,12.16,0.33,0.63,1.35,2.92,1.82,0.44,6.93,0.17,4.4,3.55,0.47,0.94,2.48,0.63,0.94,1.05,0.22,49.15,50.85,34.23,15.11,12.02,2.98,33.9,1.77,11.21,85.64,4.96,36.15,23.09,0.09,1.28,22.08,33.05,44.87
PER,0.24,1.43,13.82,5.93,0.31,9.55,0.835,2.83,13.07,1.99,5.37,4.47,4.07,0.03,0.2,4.65,2.95,0.91,1.39,4.49,21.19,6.12,2.1,13.42,0.39,0.52,0.97,1.73,2.58,0.45,6.43,0.13,2.87,4.29,0.28,0.84,2.89,0.72,0.49,0.91,0.19,52.42,47.58,34.65,12.04,13.34,1.87,35.52,2.58,12.0,82.79,4.99,34.65,19.63,0.57,1.05,41.87,21.96,36.17
PHL,0.45,1.28,18.99,7.23,0.29,7.75,0.865,2.75,12.18,1.68,6.94,3.9,5.94,0.03,0.71,2.28,5.77,1.13,2.86,3.08,15.29,3.29,6.34,12.89,0.5,0.79,0.98,4.37,1.26,0.5,6.05,0.18,2.89,2.42,0.32,1.69,3.04,0.59,0.5,1.29,0.5,50.83,49.17,32.97,15.03,12.22,2.39,34.49,2.9,11.26,87.08,4.9,37.85,23.57,0.8,0.44,23.09,31.9,45.01
POL,0.49,1.61,12.43,10.71,0.32,6.75,1.05,2.7,12.5,1.15,12.08,5.43,3.6,0.04,0.53,1.81,3.7,2.35,1.38,2.4,12.07,2.0,3.67,19.41,0.45,0.66,0.82,3.15,1.26,0.61,7.26,0.21,4.3,1.63,0.75,0.97,3.66,0.38,1.36,0.72,0.21,52.15,47.85,28.36,17.84,18.51,3.44,28.25,3.6,11.57,90.12,4.1,38.58,21.11,0.75,1.33,12.31,45.92,41.77
PRI,0.45,1.58,11.37,10.49,0.44,8.5,1.0150000000000001,2.75,12.24,0.7,12.19,5.49,3.88,0.0,0.3,1.49,1.82,1.18,1.79,3.49,17.4,2.67,4.3,17.25,0.39,0.45,1.39,2.82,1.88,0.36,6.52,0.12,4.79,2.06,0.85,0.73,1.7,0.3,0.55,0.91,0.24,50.08,49.92,32.79,15.68,15.44,2.92,29.96,3.22,11.33,89.21,4.42,37.25,24.14,0.08,1.68,16.1,42.9,40.99
PRT,0.55,0.9,13.69,9.04,0.3,8.04,0.7250000000000001,2.76,12.75,1.17,10.49,5.37,4.12,0.03,0.44,2.19,3.52,1.88,1.14,3.35,15.41,2.25,5.2,15.33,0.33,0.54,1.01,3.18,1.44,0.41,6.36,0.15,4.15,2.66,0.72,1.14,3.26,0.43,1.15,0.94,0.24,52.51,47.49,29.07,17.44,15.39,2.08,33.14,2.88,11.85,87.87,4.65,41.11,22.98,0.53,3.32,17.91,38.29,43.8
PRY,,1.24,11.52,8.34,,9.5,1.24,2.8,12.38,0.66,8.59,4.37,5.39,0.0,0.31,2.11,3.59,1.84,1.64,5.27,14.37,3.36,2.42,15.38,0.27,0.74,1.17,3.59,2.54,0.51,7.38,0.43,4.1,2.77,0.39,0.82,2.97,0.82,0.82,1.09,0.27,47.71,52.29,32.69,17.91,14.66,3.21,29.2,2.31,11.28,82.58,5.07,38.51,21.41,0.06,0.59,17.3,33.91,48.79
PSE,,1.56,11.73,6.88,,8.05,1.56,2.74,12.9,1.57,5.98,3.38,6.77,0.0,0.16,2.52,6.61,2.12,0.79,3.07,13.77,5.43,2.6,17.78,0.39,0.24,1.73,2.36,1.97,1.02,5.11,0.24,3.15,2.05,0.16,0.94,4.72,1.18,1.26,0.55,0.39,48.13,51.87,30.99,19.4,16.4,2.84,27.21,3.15,11.77,79.94,5.36,39.44,17.86,0.03,0.43,36.66,26.59,36.74
QAT,0.44,1.26,14.1,9.18,0.63,9.26,0.85,2.77,12.37,0.77,10.22,4.07,5.31,0.03,0.13,2.14,1.93,0.95,1.11,4.41,15.05,3.27,5.44,15.21,0.34,0.42,1.69,2.01,1.45,0.37,7.0,0.26,4.3,3.22,0.61,3.06,2.38,0.4,1.14,0.95,0.4,51.92,48.08,33.59,13.24,14.91,2.6,32.82,2.84,11.23,83.95,5.51,36.5,23.16,0.09,1.66,11.65,37.51,50.85
ROU,0.4,1.19,12.55,10.26,0.26,6.92,0.7949999999999999,2.72,12.37,2.07,12.94,5.17,3.9,0.04,0.42,1.67,3.89,1.57,1.39,2.59,13.37,2.44,3.12,18.95,0.37,0.61,0.9,2.97,1.49,0.45,5.65,0.19,3.92,2.08,0.93,0.85,3.55,0.42,1.12,0.73,0.24,52.12,47.88,28.37,18.24,18.06,2.65,29.54,3.14,11.3,87.18,4.49,41.52,22.44,0.4,1.37,18.05,42.99,38.96
RWA,,1.54,14.16,6.4,,9.48,1.54,2.83,12.61,1.61,4.02,2.91,6.74,0.0,0.43,1.98,3.9,1.92,0.93,2.84,19.54,5.75,2.78,16.82,0.25,0.37,1.18,1.92,2.91,0.19,5.63,0.19,3.65,3.77,0.25,2.6,2.72,0.31,0.74,1.05,0.12,44.32,55.68,39.69,14.22,15.09,3.17,26.34,1.49,11.51,81.32,5.87,36.55,22.39,0.04,0.2,34.76,23.62,41.62
SAU,0.47,1.47,11.32,8.5,0.39,9.96,0.97,2.77,12.48,0.88,9.15,4.61,5.8,0.02,0.16,2.14,2.89,1.2,1.01,5.07,14.56,2.93,4.02,16.64,0.3,0.56,1.16,1.63,1.44,0.55,6.17,0.16,3.88,4.77,0.5,1.97,2.81,0.39,1.28,1.06,0.28,51.39,48.61,32.13,15.08,15.33,2.87,31.8,2.79,11.21,80.71,5.51,35.34,19.81,0.57,0.93,16.59,36.16,47.26
SEN,0.54,1.4,14.52,5.84,,9.1,0.97,2.84,12.65,1.29,4.77,4.02,6.43,0.02,0.14,2.29,2.9,2.59,1.26,2.81,20.2,5.52,3.97,15.59,0.16,0.49,1.59,1.85,2.64,0.28,5.19,0.16,2.34,3.93,0.23,2.13,2.73,0.35,0.91,0.96,0.26,48.18,51.82,35.91,14.64,15.88,2.44,29.42,1.71,11.32,80.68,5.92,38.2,21.07,0.11,0.41,34.91,28.1,36.99
SGP,0.64,1.03,13.04,9.68,0.44,7.54,0.835,2.75,13.05,0.8,12.15,6.61,3.32,0.02,0.44,2.69,2.5,1.44,1.33,3.59,14.59,2.09,5.36,16.61,0.3,0.57,0.66,2.03,1.18,0.45,6.51,0.13,4.74,3.14,0.5,1.69,2.49,0.32,0.87,0.69,0.18,53.7,46.3,31.08,14.08,18.89,2.47,30.53,2.95,12.43,90.03,4.93,41.8,24.6,0.62,5.81,10.97,42.28,46.75
SLV,,1.42,13.43,7.8,,7.06,1.42,2.82,12.44,0.37,7.57,4.22,5.75,0.08,0.25,3.84,3.68,1.94,1.78,5.42,17.24,3.68,2.94,13.6,0.5,0.37,0.91,1.82,2.27,0.45,5.46,0.08,3.93,3.35,0.54,1.07,3.39,1.28,0.79,1.16,0.29,47.62,52.38,32.54,18.64,12.7,2.28,31.34,2.49,11.28,82.15,5.18,39.07,19.26,0.06,0.59,27.67,28.99,43.34
SRB,0.46,1.18,13.19,9.64,0.32,6.12,0.82,2.64,12.24,0.63,12.14,4.96,3.94,0.02,0.94,2.06,4.44,1.89,1.44,2.67,10.72,1.73,3.87,20.01,0.31,0.75,1.0,3.5,1.6,0.71,5.81,0.08,3.64,1.31,0.87,1.48,4.14,0.73,1.5,0.81,0.31,54.41,45.59,25.43,18.92,20.85,2.72,28.64,3.44,11.3,88.67,4.1,43.8,23.03,0.13,1.31,11.66,42.32,46.02
SVK,0.51,1.18,11.27,10.27,,6.77,0.845,2.69,12.33,1.52,11.1,5.45,4.48,0.06,0.66,1.95,3.41,2.04,1.32,2.69,11.72,3.08,3.04,21.39,0.47,0.82,0.62,2.36,1.71,0.41,6.44,0.12,3.56,1.54,0.93,0.7,3.72,0.37,1.23,0.88,0.19,51.7,48.3,28.79,18.23,20.12,2.63,26.99,3.24,11.28,90.05,3.99,40.31,21.48,0.12,1.43,18.05,44.68,37.27
SVN,,1.01,11.74,10.23,,7.2,1.01,2.71,12.61,1.49,10.46,4.85,4.12,0.04,0.44,2.48,4.41,2.37,1.2,2.92,12.1,2.48,4.45,18.92,0.33,0.73,1.24,2.48,2.08,0.44,5.94,0.26,4.01,1.86,0.73,0.69,3.54,0.69,1.42,0.66,0.18,51.31,48.69,28.71,18.96,18.34,2.09,28.9,3.01,11.71,89.14,4.05,40.3,21.87,0.07,2.13,18.19,40.27,41.55
SWE,0.5,1.22,13.58,10.41,0.36,6.86,0.86,2.65,12.46,2.28,12.12,6.4,3.21,0.06,0.44,1.75,3.06,1.87,1.32,2.18,12.72,1.63,4.43,20.32,0.4,0.79,0.54,1.68,1.84,0.33,6.24,0.17,3.92,2.12,0.87,1.79,3.23,0.35,1.12,0.67,0.14,55.7,44.3,25.69,17.45,20.34,2.62,29.98,3.91,11.72,90.88,3.96,43.77,23.39,0.46,2.98,16.93,44.96,38.11
TGO,,1.55,15.8,6.39,,7.17,1.55,2.84,12.34,1.38,6.14,1.9,6.92,0.0,0.69,1.73,4.41,1.73,1.38,2.16,18.51,3.98,2.34,16.52,0.09,0.87,1.82,3.2,2.51,0.95,6.4,0.35,3.63,2.25,0.0,2.08,3.29,0.61,1.21,0.35,0.61,47.72,52.28,36.45,14.11,14.72,3.29,30.04,1.39,10.89,79.22,6.75,39.31,22.4,0.03,0.22,26.3,34.17,39.53
THA,0.5,1.21,12.24,8.16,0.37,8.58,0.855,2.81,12.74,0.84,8.61,6.64,5.54,0.03,0.46,3.54,4.78,1.74,1.27,5.2,12.59,2.36,2.94,14.81,0.47,0.68,0.94,2.6,1.15,0.64,6.97,0.17,4.0,2.86,0.41,0.85,3.43,0.48,1.75,0.95,0.29,47.46,52.54,34.81,16.25,15.34,2.82,28.19,2.59,11.79,86.02,4.88,34.76,19.74,0.86,0.73,9.84,37.04,53.12
TTO,,1.65,14.11,7.52,,8.75,1.65,2.84,12.27,0.31,11.61,4.25,6.42,0.0,0.31,2.49,3.63,1.76,2.69,2.69,19.79,3.52,3.83,12.23,1.04,0.62,0.93,2.18,2.07,0.1,6.22,0.31,3.83,1.55,0.31,1.55,2.38,0.31,0.0,0.62,0.41,48.1,51.9,34.8,15.26,12.33,3.55,31.24,2.82,11.43,82.69,6.16,43.54,25.28,0.02,1.05,15.85,39.48,44.66
TUN,0.15,1.17,12.25,5.9,0.21,7.45,0.6599999999999999,2.75,13.28,1.56,4.95,4.14,5.12,0.04,0.25,4.56,6.61,2.37,0.78,1.64,15.33,6.39,2.16,15.65,0.27,0.35,0.75,0.81,3.51,0.61,5.71,0.13,2.47,4.5,0.21,1.54,5.0,0.79,1.0,0.63,0.17,50.21,49.79,32.35,16.3,17.81,2.3,28.93,2.3,12.22,83.06,5.06,38.66,18.89,0.27,1.4,51.52,20.54,27.94
TUR,0.51,1.29,12.0,8.76,0.33,6.44,0.9,2.76,12.62,1.92,10.31,5.33,5.75,0.06,0.39,2.23,5.27,1.91,1.42,2.54,11.92,2.29,2.26,18.32,0.61,0.7,1.01,2.04,1.28,0.69,6.13,0.23,4.31,2.27,0.5,0.75,4.32,0.5,1.42,0.83,0.47,50.0,50.0,27.44,21.15,17.65,2.83,27.86,3.09,11.54,82.44,4.86,41.15,18.56,0.88,0.64,16.29,43.34,40.37
TWN,0.27,1.08,12.8,7.07,0.34,7.88,0.675,2.77,13.6,1.44,8.19,8.54,4.38,0.01,0.57,2.6,4.24,1.69,1.75,3.38,15.48,1.62,2.6,16.42,0.46,0.49,0.75,1.95,0.94,0.51,6.9,0.15,3.71,3.39,0.25,0.88,3.9,0.4,1.58,0.63,0.2,50.34,49.66,31.42,16.75,18.78,3.0,26.71,3.34,13.23,84.06,5.21,47.01,21.02,0.79,2.08,12.04,40.9,47.06
TZA,,1.69,12.98,7.04,,10.71,1.69,2.89,12.67,1.31,5.0,3.31,7.58,0.04,0.13,1.53,3.86,1.57,0.81,3.47,22.71,5.13,2.71,16.23,0.21,0.17,1.23,1.74,2.2,0.21,6.99,0.17,2.16,2.54,0.04,1.78,2.8,0.34,1.06,0.72,0.25,45.14,54.86,41.17,12.27,14.77,2.59,27.76,1.44,11.35,81.9,6.19,31.08,19.36,0.06,0.07,30.18,25.26,44.55
UGA,,0.96,13.7,5.65,,9.93,0.96,2.9,12.99,1.15,4.79,2.93,7.12,0.0,0.57,1.69,3.34,1.38,0.88,2.93,21.82,6.98,3.58,16.56,0.27,0.51,1.18,1.75,2.43,0.4,5.87,0.1,2.7,2.6,0.13,2.29,2.77,0.44,0.1,0.64,0.1,43.98,56.02,42.46,12.28,15.97,2.3,25.47,1.52,11.87,82.33,6.59,35.99,23.28,0.07,0.11,33.12,24.82,42.06
UKR,0.4,1.51,15.26,9.28,0.34,6.33,0.9550000000000001,2.66,12.26,1.3,9.64,4.97,3.77,0.03,0.76,2.04,4.96,1.98,1.76,2.36,13.96,2.66,3.08,18.25,0.62,0.7,0.84,3.94,1.59,0.75,6.03,0.25,3.16,2.01,0.66,0.72,3.8,0.49,1.52,1.07,0.33,51.1,48.9,29.45,18.07,15.97,2.84,30.45,3.22,11.27,87.46,4.44,40.9,22.13,0.47,0.78,18.77,40.61,40.61
URY,0.37,1.5,11.59,9.17,,8.46,0.935,2.77,12.47,0.45,8.89,5.71,4.77,0.07,0.47,2.63,3.77,1.96,1.41,4.39,14.12,3.05,3.08,16.7,0.6,0.47,1.17,3.33,2.01,0.45,6.43,0.15,4.02,2.01,0.74,1.19,3.55,0.6,0.47,1.07,0.27,51.99,48.01,27.46,19.23,16.26,2.77,31.12,3.17,11.42,85.88,4.73,43.21,22.85,0.1,1.89,17.11,36.13,46.76
USA,0.64,1.27,12.91,11.6,0.39,7.64,0.9550000000000001,2.71,12.31,0.72,15.12,5.99,3.32,0.03,0.45,1.62,2.13,1.28,1.71,2.75,13.89,1.71,5.94,17.9,0.37,0.84,0.75,2.36,1.47,0.29,6.88,0.15,4.4,1.43,0.92,1.98,2.18,0.28,0.31,0.66,0.15,50.41,49.59,31.64,16.55,16.86,2.83,28.81,3.32,11.64,92.02,4.28,40.95,26.26,20.16,3.87,8.94,49.74,41.32
UZB,0.63,2.26,11.94,8.84,0.29,6.47,1.4449999999999998,2.75,10.95,1.46,9.44,2.79,6.4,0.05,0.21,1.54,2.66,0.88,1.03,1.78,11.38,7.09,1.14,22.79,0.66,0.66,1.09,1.34,3.06,0.43,6.8,0.15,3.24,4.51,0.28,0.49,2.35,0.32,2.99,0.72,0.28,46.62,53.38,39.01,12.31,19.46,3.85,23.25,2.11,9.23,84.92,4.06,24.83,19.37,0.16,0.3,32.67,44.52,22.81
VNM,0.29,1.26,15.04,6.46,0.37,7.47,0.775,2.79,13.27,1.22,5.54,5.96,4.17,0.03,0.73,3.45,6.06,1.93,1.88,4.51,15.91,2.94,2.37,13.73,0.37,0.47,0.66,3.02,1.43,0.85,6.96,0.14,3.71,2.49,0.15,1.0,4.45,0.68,1.79,0.91,0.49,48.62,51.38,35.74,14.42,14.44,2.39,29.93,3.09,12.49,84.39,5.3,33.98,17.86,0.85,0.53,20.38,26.5,53.13
ZAF,0.33,1.16,13.49,6.95,0.38,8.77,0.745,2.81,12.68,1.09,7.81,4.56,5.25,0.03,0.33,2.19,3.1,1.32,1.66,3.22,18.16,4.8,4.99,14.99,0.36,0.62,1.06,2.26,2.78,0.39,6.48,0.17,3.54,2.34,0.45,1.88,2.46,0.41,0.3,0.82,0.18,48.57,51.43,36.45,13.75,15.19,2.4,29.33,2.88,11.89,85.72,5.49,38.58,23.28,0.47,0.46,25.67,30.2,44.13
ZMB,,1.36,12.83,6.42,,9.77,1.36,2.86,12.69,1.1,5.68,3.71,6.09,0.06,0.41,1.74,2.78,1.04,2.14,2.61,19.71,6.84,4.0,16.7,0.41,0.17,1.04,1.74,5.04,0.35,4.87,0.12,2.9,2.49,0.23,2.26,2.61,0.17,0.29,0.35,0.35,45.88,54.12,39.87,13.06,17.12,2.21,25.59,2.15,11.62,83.19,6.11,33.68,22.9,0.04,0.15,34.72,28.87,36.41
ZWE,,1.18,14.05,4.99,,8.89,1.18,2.95,13.23,3.3,4.46,2.59,4.9,0.06,0.11,2.53,3.63,0.33,0.99,2.92,23.5,9.58,3.03,13.65,0.28,0.5,1.65,1.49,2.81,0.28,5.56,0.0,2.42,2.64,0.39,2.42,2.81,0.39,0.17,0.66,0.0,42.37,57.63,45.45,11.03,12.52,1.99,27.69,1.32,12.17,80.35,6.72,32.3,22.18,0.04,0.2,39.57,22.29,38.14
