iso3,arrivals,tour_receipts,gdp_pc,population,services_emp,travel_exp_share,internet_users,mobile_subs,working_age_share,unemployment,services_va,ict_exports,gdp_growth,homicides,arrivals_pc,tour_receipts_pc
AFE,39826701.4025488,27810935913.9312,1628.22728900442,769280888,34.2977111919012,41.7878988400426,28.8,87.3,56.3671018090113,7.57169749274654,51.0561445214273,5.97468728418028,2.78793146807502,12.4,0.05177133869280371,36.15186123528289
ARB,142447574.174804,131922562360.543,7602.41115691284,492612632,59.8753931860817,43.4156846561872,,102.925568544421,63.0348631375193,9.26592419265215,49.0239194103774,5.94831198369297,2.00521809439076,,0.28916752214913566,267.80182600056224
CSS,19819087.2645395,,19923.5745910977,4539060,70.799098747026,81.5013115130771,,109.129045044123,68.0298366300604,7.49180699898505,52.2160769730538,2.80195758801279,13.3281652583601,,4.3663417677976275,
CEB,314638365.070248,65843484713.7794,24616.0957872816,100061963,62.955468023037,18.8828197359408,,124.683360007648,64.4777804624656,4.00056350955849,60.5245436727395,16.7880806430492,2.09534007010555,,3.1444352642796747,658.0271137972718
EAR,369336988.869679,266594979546.452,4405.28492630999,3552306404,43.0359638519892,28.1905165898195,,96.3653995383414,66.0670295959974,5.14374777945389,57.3767569300958,26.6078936664245,3.86155873347995,,0.10397103933765252,75.04841903453439
EAS,490804002.09165,,13482.4788785045,2388319468,49.5137438759257,22.2913161361285,86.6,132.9,68.2947160282294,3.80594106189668,59.3202336273617,10.0118098916029,3.72534172801831,0.8,0.2055018219579534,
EAP,292842169.375777,,10391.1526101394,2141122258,46.6195086807058,23.8230261743532,86.1,128.2,68.8353128177724,3.91370991631764,55.6582026375263,15.003344898575,4.95407477892253,,0.13677041013497185,
TEA,289300101.805405,,10508.2462082104,2114653077,46.9889034401673,23.8205162628449,86.8,129.5,68.8375567785888,3.91959262359653,55.6845146986667,15.003344898575,4.95413752144529,,0.1368073585932247,
EMU,655573447.522239,355218744907.194,46424.2413084574,357603357,74.4252306962726,16.0130197661631,,123.504922574754,63.3927740545475,6.34778064605911,66.7169193549188,19.0010686590582,0.938707263867073,,1.833241871726162,993.3316842637861
ECS,1199188498.74821,589620761238.282,31630.8552937604,928566925,69.3714087281351,16.2653484864458,90.9,132.4,64.475873600038,5.37221817940181,65.3629543575733,16.3356397018124,1.61092975636407,2.1,1.2914400313668397,634.9792840599852
ECA,180880471.54687,93373739042.8823,9801.70054676084,250394482,55.8283580576148,40.9098494762428,85.8,115.4,65.7729370972117,6.90688667537961,56.2231401854758,10.6940545129298,4.05695234474402,,0.7223820193724156,372.90653650619305
TEC,331546366.211299,121077049953.365,13364.4486876078,459982788,61.8412419253933,29.5834968041973,88.9,139.6,65.5270860861813,4.71563232155562,57.7894269861001,13.5259382096589,4.03167528195137,,0.7207799397296122,263.2208271961798
EUU,968873375.260994,432150008319.399,43313.7668203916,450228188,72.4890327128754,15.4188322835904,,123.687099666304,63.5746969057802,5.92300803762815,66.0030921800078,18.4986147612545,1.08657885620458,,2.1519607192186596,959.8466285265084
HPC,29134874.0028677,20858320354.982,1220.84577070029,940304348,32.67192401415,32.4209302172124,,76.7140221946963,55.4632928858548,4.1513349312603,43.7727707621319,4.20775769809528,5.12099358552982,,0.03098451481675771,22.182520371565907
IBD,852166955.667661,,8186.57476056638,4979670326,47.6591356977045,25.7040904334371,79.9,114.9,67.8788020307694,5.02160062447022,57.6580140667139,20.0271921525959,4.4256614810418,4.7,0.17112919126760298,
IBT,974462802.208958,,6304.3969997243,6925362193,45.3106988229873,26.5144504506736,67.7,107.0,65.1502967792938,4.87492589830662,56.9958199619152,19.3481014408403,4.42022565074735,,0.14070929072762767,
IDX,63144062.5081978,35608230395.6728,1395.67575971244,1268734216,34.2485374671731,40.2040452830941,33.9,86.0,58.2440071422361,4.3967369419449,45.9998105418284,5.97745710482056,4.57659622486648,7.7,0.04976933837827371,28.065949468862435
IDA,100914423.764227,45396369606.8399,1487.2803211344,1945691867,37.955555710252,38.8342220817947,36.4,86.7,58.1671475635562,4.41260437296088,48.021863988528,9.01993872808428,4.35048943307154,8.3,0.05186557310321892,23.33173632309781
LTE,549832276.924528,,12874.6436381177,2328876323,51.3360633342306,18.3701576371299,,126.745828074436,68.7641921010249,4.59750117083053,56.957066997061,26.849488124649,4.52553873018407,,0.23609337752047213,
LCN,201856013.686497,104584816431.255,10705.1067802788,662185614,66.58035559433,41.4845006334401,81.7,114.6,67.6527483151613,5.86943289832019,67.6868507886886,7.82639276576928,2.25497168830525,19.7,0.30483297948314686,157.93882292232192
LAC,165233236.99443,81459149602.4918,10065.5029056612,622564181,66.2453686148494,43.0444870089531,81.4,115.3,67.6452572593777,5.7278348014991,68.6647385309139,7.695832850744,1.99001515816749,,0.26540755481470596,130.8445813115159
TLA,172908916.919959,86710962273.7145,10441.4685782421,647003746,66.4885962365826,40.7295738745415,81.8,115.3,67.6622826019806,5.9308852770292,67.7392821783978,7.96303068439098,2.27782988064618,,0.2672456195021149,134.0192584815645
LDC,40176417.3590637,26746319783.4889,1299.44368873396,1186668913,32.9516549724153,38.1468721631129,31.4,83.9,57.5266533677482,4.63280465033072,44.8982187086345,5.6108627856156,3.87232968748361,7.8,0.03385646739282509,22.53899085960879
LMY,814041186.104538,,5874.03080372303,6722971301,44.2890373408366,27.3551289598914,,104.401559003568,65.1451517915765,4.91415352193048,56.8119872803465,20.2720764894459,4.42439890311286,,0.12108354322194628,
MEA,152571279.95283,145143594987.669,6275.43469598207,813173936,51.387911343079,34.7843420057413,61.5,104.6,62.8057445474973,7.84018773728947,51.9566119808075,15.6754321338723,2.3285702387722,3.9,0.18762440997965038,178.4902203108352
MNA,65756226.1253439,55317558282.0073,2963.06913716955,741690916,47.5722514001042,44.1255809210386,58.0,98.8,61.7728104274892,8.70657329890235,49.2470486840705,8.63486493990571,2.26137020265979,,0.08865718145770562,74.58303329416441
TMN,65078454.6035971,55056396011.2723,2962.60094580465,736401764,47.5722514001042,44.2182796279405,57.8,99.0,61.7990812340854,8.70657329890235,49.1676228695955,8.58936730587289,2.43947657943453,,0.08837357239627294,74.76407404596101
MIC,790163362.933784,,6507.45727213279,5975818672,45.6597826304027,27.3023367652665,,108.260864694504,66.3456249060391,4.91644475196582,57.0391102543185,20.431449261199,4.43845841319835,,0.13222679708073043,
NAC,198713000.0,305557753783.124,82808.120496409,381330762,79.4493349268376,20.0567773194203,94.4,111.2,64.7837256722337,4.29029945331562,75.4639910143353,8.71622760091479,2.73606791647842,5.4,0.5211040382836987,801.2932189906148
OED,1364524985.83971,997063700763.716,48881.8109051634,1396826761,73.7879975479821,17.8649633370349,,122.304805090448,64.674805171163,4.90917859417164,69.8193913413917,14.3787207923574,1.78218444615328,,0.9768748880948094,713.8062704711568
OSS,51930012.4665974,,16111.8328238083,12931878,68.4996071415499,23.2634833464516,,124.936732236042,66.147715093551,8.48668976701629,67.1930437927933,15.4007392619436,2.76881258067121,,4.015659014614691,
PSS,1752269.77187474,2233673134.26989,4528.48364572376,2722467,50.2174304925113,52.7326265276952,,76.1797159429208,61.4864782964515,3.52751412823486,56.7941316630684,1.55383266280958,3.66740238652645,,0.6436330621729263,820.4592137461684
PST,1275198369.71218,1000792534069.71,56385.0585145595,1128299339,76.4720309623111,18.49182950619,,124.353057874527,63.9771850433623,4.61212708203082,70.8509188330919,9.41999931289521,1.77944527022298,,1.1301950870966342,886.9920414530261
SST,79086475.9232005,52579729788.3253,15409.264856078,20193405,66.7649392217329,30.9241999431125,72.5,143.1,65.94235097701,7.68067610421584,62.4280479313737,14.1707658821391,6.06796967493719,,3.9164507384069456,2603.8070245372337
SAS,27102764.1528023,41884000000.0,2601.82209529365,1677384532,33.1635272458682,11.1587006556317,62.8,83.4,67.8660992186909,4.19214668978211,48.6539250416335,45.2968738131239,6.75761201913679,2.8,0.01615775252230733,24.969826060134434
TSA,26260132.181425,,2601.82209529365,1677384532,33.1635272458682,11.1587006556317,62.8,83.4,67.866099218691,4.19214668978211,48.6539250416335,45.2968738131239,6.75761201913679,,0.01565540380303507,
SSF,56014499.1539477,34919262972.8354,1542.65844261619,1289936286,38.0899099028624,35.7176341487183,33.6,89.2,56.0929033034791,5.6711358365663,49.8554779115068,5.75575500860636,3.6161279249573,12.2,0.0434242371207687,27.07053313549116
SSA,55555231.2954125,34263192235.3189,1541.07573422834,1289814932,38.0899099028624,35.2983373066475,34.7,91.9,56.0914527843053,5.6711358365663,49.8340162931539,5.87391492022129,3.61639391196729,,0.043072250070223646,26.564425163065877
TSS,56014499.1539477,34919262972.8354,1542.65844261619,1289936286,38.0899099028624,35.7176341487183,33.3,89.2,56.0929033034791,5.6711358365663,49.8554779115068,5.75575500860636,3.61612792495724,,0.0434242371207687,27.07053313549116
WLD,2403074088.46029,1863068555520.54,13717.0909956338,8140897523,50.3240550504721,19.8020904422924,71.2,110.4,65.0724661660672,4.80627976615483,63.301806859968,14.9980795104685,2.90001340156714,5.2,0.29518539960379375,228.85296741015617
ALB,2658000.0,1243000000.0,11374.0085781236,2377128,46.7791156790644,67.3977584441404,85.86389923,89.1328603947682,66.2364608476109,10.689,48.6899937474805,2.98437302423958,4.04592845095348,1.38708340817063,1.1181560269367068,522.8999027397767
DZA,591000.0,50000000.0,5752.99076651465,46814308,58.2133758619657,3.02836411297069,77.4178009,115.457278573892,63.0887832742159,11.655,46.7949847002474,1.7241173505147,3.69999999907979,1.16107238811947,0.012624345531285008,1.068049537333757
ASM,899.999976158142,,18017.4589383973,46765,,,,,64.9470758045547,,,,1.73501577287065,,0.019245161470290643,
AND,5207000.0,1910000000.0,49357.437070178,81938,,85.1272853536566,94.39759827,155.692108667529,72.1690312738368,,77.5805312008222,3.91604925721237,3.8491605039052,2.58464719565779,63.54804852449413,23310.307793697673
AGO,218000.0,19000000.0,2720.81900669715,37885849,40.687555299181,13.5414758434709,40.70479965,69.7039467163584,52.7966160558179,14.02,44.6075572777557,22.3087695729056,4.95267860425956,,0.0057541273524053796,0.5015065123656065
ATG,384500.0,416000000.0,23059.8330702839,93772,,83.6621644940569,72.73040009,200.540715208962,70.4158512981023,,69.9504486682116,0.519373285244575,2.54044193946544,10.7163332993983,4.10037111291217,4436.292283410827
ARG,7399000.0,1702000000.0,13969.7836603737,45696159,71.6393298183816,28.8898726994435,89.66715228,140.234979049333,65.9800531593914,7.15,53.6514046050424,15.7406131318319,-1.34293072157739,4.49291137824536,0.16191732876279602,37.24601886123514
ARM,375000.0,303000000.0,8556.21406956719,3033500,51.6221413408052,43.0848544980987,81.33930206,134.88694751567,67.0601533606123,12.405,61.9893697453885,20.1631222184294,5.90000000046228,2.20833575400906,0.12361958134168452,99.8846217240811
ABW,1951000.0,1077000000.0,38590.5650288641,107995,,87.8308951960696,,130.647974615427,66.098801190019,,76.27980785132,0.661532629582052,6.81077669324554,,18.06565118755498,9972.683920551877
AUS,1828000.0,26234000000.0,64609.9865116088,27194286,78.4103732027917,61.5808582505085,96.13140106,112.581025002429,64.4281358227139,3.942,66.1399054113301,2.9841114443513,1.37340773365975,0.854406035826682,0.06722000349632272,964.6879495199837
AUT,15091000.0,15362000000.0,58268.8787651601,9177982,72.3416687261318,27.2655563062523,94.91974877,124.45929984531,65.1655943390134,5.2,63.9706809373681,12.5391686110301,-0.659089573171372,0.876191031111463,1.6442612330248632,1673.788421027629
AZE,796000.0,340000000.0,7294.64276088105,10202830,49.8776478507312,25.2084534198823,90.43979645,109.543149535867,69.6325984108376,5.648,42.5024619796055,1.36999947912043,4.15806800428062,2.16122820563689,0.07801756963509145,33.32408753257675
BHS,1794500.0,1007000000.0,39455.4466548546,401283,84.3569572748268,93.9000537040746,92.47270203,96.6798992232414,70.3113513405751,9.049,77.1859683694609,,3.37866553336166,32.1981392997156,4.47190636034918,2509.4509361223872
BHR,1909000.0,724000000.0,29717.1424605273,1588670,64.104099493321,31.7821101634018,100.0,159.536143577452,77.4298348805279,1.084,53.3036182185741,8.26225513168994,2.89710543153512,0.195636140255462,1.2016340712671605,455.72711765187233
BGD,323000.0,217899993.896484,2593.41611680774,173562364,37.3715657723132,5.9410210786561,53.42171316,108.077037369691,65.5126064657658,3.635,51.4166555046575,9.51203440588108,4.22325911250161,,0.0018610025385457415,1.2554564761314497
BRB,966000.0,,26897.2002039176,282467,82.5047854971287,,70.36470032,114.580721030894,66.2085018630462,6.448,75.841887607388,,3.3669492581395,7.43794627677661,3.4198685156142132,
BLR,3598000.0,542000000.0,8605.60954569694,9132629,59.2133534681989,4.14008720734514,94.26182128,131.123016605614,66.0362068021274,3.458,49.5341876623229,31.4053956639542,4.34999638140579,2.38463165310244,0.3939719876937955,59.34764239300644
BEL,2584000.0,7447000000.0,56581.9375642531,11858610,79.4676830825322,6.24913666278105,95.77579144,103.90465332676,63.4457922250499,5.7,71.0243496560734,14.6697052675351,1.09775383828703,1.08030153549307,0.217900748907334,627.982537582398
BLZ,487000.0,,7681.24400583113,417072,68.1965459750228,69.3651912668785,80.00582262,67.1750266305468,68.3977447511997,8.698,62.4409630969452,9.88232959095166,3.50466435023895,28.0582917218107,1.1676640963670541,
BEN,337000.0,240860000.610352,1485.38018885134,14462724,40.6672321336634,54.4294604574235,33.98379898,125.940873932186,55.3293625737447,1.637,48.8795399933978,3.04090040864195,7.45311566226201,,0.02330128128006868,16.653847547000968
BMU,51400.0015258789,94000000.0,142250.433195123,64636,,33.1952620883884,,96.6767745528807,64.6492306978255,,91.3097385730316,2.53443978284008,1.88822861970388,6.18257133141674,0.7952225002456664,1454.2979144749056
BTN,29799.9992370605,84000000.0,4228.05102403654,791524,41.2757792300332,69.1044356256237,91.27739716,99.7576826476519,72.5963630942567,3.282,51.5211183188511,0.447055216258853,7.49856206754038,2.46751324015657,0.037648889025551344,106.12438788969128
BOL,323299.987792969,243000000.0,4421.16609889999,12413315,55.1239312239933,64.2727694804556,79.70469666,98.0287940811943,64.5719616395781,3.274,53.36246116287,4.33936656750335,-1.12335595517212,4.41843313132273,0.02604461320710616,19.5757539384121
BIH,197000.0,438000000.0,9397.90942855997,3164253,52.2463210016924,52.2875615118654,86.10091103,121.232373011893,64.7319446327459,10.69,56.6511610029932,13.5766902871611,3.22679979810856,1.22446173133237,0.0622579800034953,138.42129564228904
BRA,6353000.0,3099000000.0,10310.5486973693,211998573,71.9821226349216,17.1046231001792,84.46347227,101.926846460424,69.285675877437,6.801,59.1707527173878,12.5746509091821,3.41931516501906,19.2752957673079,0.029967182845141133,14.61802292414487
VGB,83000.0,,,39471,,,,93.1316662866408,75.8848268348914,,,,,,2.102809657723392,
BRN,1071000.0,,33153.4738913513,462721,78.3168444962091,31.1099456018006,96.29828801,118.130579766209,72.3068843786165,5.18,38.9532912458051,3.6078393077908,4.05251709306727,,2.3145696867010574,
BGR,4973000.0,1792000000.0,17596.9167621233,6441421,67.0251149129062,25.1986769816591,82.438955,118.067152838789,63.4952025385603,4.2,63.7625821557051,25.5505150604287,3.38708962009333,1.08890737415431,0.7720346178273396,278.1994842442374
BFA,67000.0,173000000.0,982.493100418428,23548781,31.1555829082131,20.0788597207582,28.25270081,116.5895933212,55.5461979114758,3.441,43.961173085479,14.2143612785876,4.83395810163883,,0.0028451578873658046,7.346452455437078
CPV,180000.0,169000000.0,5170.20531932535,524877,67.5499251504628,77.9963754149807,74.73519897,111.84067886381,67.5945030931056,11.883,68.8339507034776,1.46367068401036,6.98888280991075,6.99464423976475,0.34293748821152387,321.98019726526405
KHM,1306000.0,1119000000.0,2627.87969756224,17638801,37.4015058521057,73.2793752582627,68.47530365,116.091961125929,64.0431502130771,0.254,35.5947222438947,6.32032986261648,6.0158145735202,,0.07404131380585335,63.43968617821586
CMR,1021000.0,437000000.0,1830.00833684727,29123744,43.0390465410173,12.505233591514,46.25880051,108.213130152497,55.7629739459833,3.603,50.7191439587575,10.4794564969531,3.52472308052245,6.76008919336955,0.035057305818922184,15.004938925434862
CAN,32430000.0,,55015.7066917734,41262329,79.9376491637297,30.3548358627205,94.353302,94.1059718794246,65.0890886641808,6.351,64.1108208953921,14.4447899140379,2.04626605401701,1.97968887560784,0.7859469105585387,
CYM,660000.0,964000000.0,104292.900672109,74457,,17.7794919472412,,139.314997695241,74.814491488433,,86.543745426173,0.380386054039246,3.75641197192778,4.3677976836113,8.864176638865386,12947.070121009441
CAF,87000.0,,516.160999996036,5330690,20.4990663415875,,13.78250027,38.8217901039988,48.8455667883113,6.253,42.0803155255449,,1.49999999847535,,0.016320588891869534,
TCD,10399.9996185303,,980.668312111718,20299123,19.5723064383895,,12.62689972,72.9289782617702,51.8348354261413,1.053,31.0401498284472,,4.95210484607125,,0.0005123373861289623,
CHL,5431000.0,1034000000.0,16658.9652720351,19764771,72.1008199315877,26.8837223813802,95.590243,132.660408764665,68.8987499804893,8.718,55.7720090332256,5.73737630084437,2.80512637106611,6.34829073035101,0.27478183278723545,52.31530383023411
CHN,30402000.0,,13293.1162269366,1408975000,46.1510599840955,11.5793696401421,92.0,131.753932036803,69.3269188307508,4.59,56.831400416389,19.7515188882622,4.95830378788091,0.5018560705357,0.02157738781738498,
COL,1396000.0,1959000000.0,7951.08624019412,52886363,65.7241823694145,48.2283128385697,79.34543299,174.094289675393,69.9494511472697,9.619,57.6064777309031,11.4407204434867,1.49330728771066,24.9134420347488,0.026396218624449557,37.04168501812083
COM,7000.0,18500000.0,1857.87060684189,866628,51.1591217542869,72.8999819954597,32.51750183,109.855630436495,58.406432748538,3.815,49.3455366817842,11.6872752233131,3.30071498500033,,0.008077283448030758,21.34710625550986
CRI,1146500.0,1479000000.0,18853.2828705886,5129910,69.6192467571493,31.9859367112165,87.17019653,136.024511151268,68.9755668228098,6.936,69.0166654410676,14.2249209542443,4.08292444182048,17.7454798727379,0.22349319968576448,288.3091516225431
CIV,668000.0,199300003.051758,2727.8935220697,31934230,39.7449654370679,38.9052296674942,41.43219902,183.875985110648,56.5196718380246,2.273,51.8581209074307,9.87269575792784,6.0195346193922,,0.02091799301251353,6.240952202441017
HRV,21608000.0,5631853027.34375,24049.9441746337,3866200,68.8520963984679,65.9848100238648,83.63240029,121.732525659138,62.8890222110404,5.0,60.8381351492928,7.7731615512973,3.82578440126859,0.667347104040825,5.588950390564379,1456.689521324233
CUB,1086000.0,1152000000.0,9605.27914559614,10979783,67.1960389295396,,70.47699738,72.930002350684,68.1369704665384,1.755,73.391823647738,,-1.06173273220524,4.46315139638841,0.09890905858521976,104.9201063445425
CUW,1293000.0,282000000.0,22832.895498987,155967,,65.8495522140353,,93.7975591472655,68.2903685812332,,72.296048213282,3.54947670761026,5.02690015475606,,8.290215237838774,1808.0747850506839
CYP,4117000.0,663000000.0,38674.3125,1358282,81.4578073582287,12.4503801980408,89.60099246,156.218025662252,69.3116377895017,4.9,76.4769046707826,29.7104200257727,3.94076934447787,0.81785876397005,3.0310347924805012,488.1166061245014
CZE,37202000.0,3890000000.0,31827.7552539413,10905028,61.8516691946901,21.163263391937,87.68776014,126.600163061009,63.7573202107069,2.6,60.1776237199618,17.6292660223356,1.25131096245923,0.767827757917044,3.4114538724705703,356.7161863316628
DNK,15595000.0,,71026.4832271897,5976992,79.330803465223,8.76101745035337,99.76915157,126.686532566268,63.4375462156532,5.358,63.5495635161649,7.45621210752855,3.47783593140312,0.840599404536194,2.609171971453199,
DMA,140000.0,,10405.2787777582,66205,,62.2276082398175,82.04689789,85.1898961482058,69.1707574956574,,56.9414724889515,1.67385943946564,2.052738472526,27.063396005142,2.114643909070312,
DOM,2748000.0,,10875.6618443092,11427557,73.7499423191835,74.6873957702282,91.0022446,93.7095828968519,65.541873910583,5.312,59.8121925635257,0.357359217485416,4.95352204492849,10.9166976980638,0.24047134483774615,
ECU,2108000.0,705000000.0,6826.5294137822,18135478,50.7669798794512,45.8995419649265,77.17273115,101.598265014024,67.200152298168,3.453,57.065968702668,2.44894088022704,-1.94409022506859,45.7228145164847,0.116236252499107,38.87407875325922
EGY,13026000.0,4874000000.0,3338.47371043679,116538258,52.8105546213588,51.6624669864712,74.64839935,97.1295066037455,62.8890495466693,6.817,48.932455490468,5.76658761386299,2.3991692678251,,0.1117744526436975,41.8231753558561
SLV,707000.0,755000000.0,5503.10317151907,6338193,62.6593656340507,58.3875874760623,66.47769928,176.517423814642,67.0452603762618,3.261,60.221624421978,6.96593654554928,2.5904637107794,7.89768799960639,0.11154598794956228,119.11912433086212
EST,1695000.0,865000000.0,31428.3547816104,1372341,70.478745244026,12.0354295544605,92.23796204,151.131825017309,63.065048884786,7.6,65.6971144966199,25.9425743305066,-0.0900428648493801,1.53599045052794,1.2351157620445647,630.3098136687602
SWZ,345299.987792969,7300000.19073486,3909.55892378182,1242822,59.0104082111225,8.43027437985259,63.40309906,139.833459658744,62.3857891096992,34.643,51.3633744946129,2.56154253680203,3.03162462475916,12.5145709802017,0.2778354324215125,5.87372945661958
ETH,518000.0,2282000000.0,1133.88279681256,132059767,32.5755797551025,13.965687936003,21.94129944,65.0825091944922,57.7100997092093,3.357,37.4719406431566,0.559793640362197,7.61277447616879,,0.003922466408713261,17.280054719466527
FJI,168000.0,236000000.0,6425.74151715712,928784,51.2828414501781,53.0776831973582,74.7052002,574.152332512188,66.4197488328826,5.361,54.5684210526316,0.474598239547192,3.53085896076352,2.0559533103824,0.18088166893486538,254.09567778945373
FIN,896000.0,1757000000.0,53155.5451165897,5619911,75.4572536406465,9.89758088484153,93.72405196,125.860954798649,61.4695769443402,8.4,62.1965049838221,33.3953910357505,0.374566568538427,0.98193498501344,0.15943312981290986,312.6384029925029
FRA,117109000.0,35958000000.0,46103.0840855884,68551653,78.0650150968351,19.1375098421897,88.65381638,116.687800394775,61.3483170751607,7.4,70.9141844211851,7.56867927222552,1.19046798275883,1.33506280409367,1.7083322556787945,524.5387737039689
PYF,89400.0015258789,,22439.8838746025,281807,83.630194283351,,,118.777524029055,69.5745130080392,11.613,75.9039508824945,,1.12638897730247,,0.3172383990670172,
GMB,246000.0,53000000.0,871.340287547821,2759988,53.0004585853733,89.8023223160922,49.49430084,126.243773523653,56.6737711674419,6.48,56.7898192162385,0.305249223942141,5.55126065805138,,0.08913082230792307,19.202982041950907
GEO,1513000.0,586000000.0,8967.67525638987,3812518,48.880696375308,57.4255551949791,83.79855689,161.201784818537,63.5635441096524,11.557,61.9845889751097,10.9296906577784,9.67979379712661,2.02806499553233,0.39685058536117074,153.70419234741973
DEU,12449000.0,58372000000.0,56103.7323182554,83516593,72.6164237512878,8.47766604582406,93.49999579,129.150921864378,62.8942524078782,3.4,64.0456505820091,11.3576255374221,-0.495851897260366,0.910722780231795,0.1490601993306887,698.9269784987517
GRC,7406000.0,6193000000.0,24626.1481858973,10405134,72.6566767812491,42.0877104850629,86.26968886,113.597610306796,62.840827158816,10.02,68.0104871945665,3.18525209187134,2.0865743380603,0.839605274224601,0.7117640195695701,595.1869529022885
GRD,217000.0,,11528.9220811928,117207,,88.5540526454604,70.16159821,95.759239776586,68.3194334833522,,65.9294545873156,0.712505920327779,2.3996478454327,13.6657527694502,1.8514252561707065,
GUM,328000.0,,41833.1517132825,167777,79.036881330021,,,,61.4148542410462,5.252,,,5.09986426216793,4.32611490161179,1.9549759502196369,
GTM,594000.0,298500000.0,6150.89465281457,18406359,48.0195653646397,35.5711535342581,60.22140121,112.520863034346,63.5735372758947,2.613,62.035887579992,11.9639534767402,3.71558453779777,23.3657267272051,0.03227145575070007,16.217221450478064
GNB,52400.0015258789,18920000.0762939,998.376093392688,2201352,28.6152045902427,44.4933696923595,29.77739906,147.197631273872,58.022229066501,2.647,38.6103960473833,29.3577489854338,4.40920107183611,,0.02380355414576083,8.594718189682478
GUY,86400.0015258789,,29675.2501582835,831087,56.988300107316,75.4045326484108,83.00080109,112.56503784518,64.1045186030576,11.874,14.4608235890798,0.860901501492639,43.8192726391966,19.1201580922439,0.10396023704603598,
HTI,938000.0,,2060.35591768638,11772557,44.3827106088033,37.7093271525695,47.8614006,65.1889329311174,64.1061410872761,14.609,52.6676471873046,2.07111744478863,-4.18495104762965,41.1518089717388,0.07967682806717351,
HND,669000.0,189000000.0,3415.96027916712,10825703,55.5887327260996,20.9311439127468,58.62269974,70.9397440517258,64.9610715830154,4.91,58.1229894784729,0.782666813036849,3.63240745450875,31.4424316507577,0.06179737242006362,17.458450504322908
HKG,3569000.0,32697000000.0,54274.7547767073,7524100,85.6979264629397,20.6826430165101,95.75536971,364.848981963231,66.8250300290246,2.988,91.4527897689279,4.1191464271023,2.62936861207362,0.376205815214825,0.4743424462726439,4345.63602291304
HUN,31641000.0,4224000000.0,23305.4482514359,9562065,64.9441934000781,20.1745052186845,93.77898628,104.58063059269,64.6054217208328,4.5,59.4398000685895,11.1856997927911,0.709070599066038,0.722657964901225,3.309013272760643,441.74558528937
ISL,488000.0,,85863.1479330343,386506,77.885485109651,45.5714359036614,98.209198,120.927513243653,66.5917632509777,3.6,65.3338730941967,7.46823561285374,-1.2828764442695,1.29013114183057,1.2625935949247877,
IND,17914000.0,13413000000.0,2591.9916607122,1450935791,32.2743097449178,9.34072376926787,64.9434967,79.3526921826412,68.2295801537644,4.173,47.9706270733631,47.4135569645014,7.09927893176518,2.81530423021647,0.012346514650144157,9.24437875418017
IDN,4053000.0,3533000000.0,4925.43644992666,283487931,49.7537526677536,42.7308327631201,72.78075544,122.514946500491,68.1136017534969,3.301,43.7709161521491,9.61906733477208,5.03257477088519,0.303768746039586,0.01429690493596357,12.462611679930742
IRN,1550000.0,,5190.16959024821,91567738,51.2854523696268,,85.3404007,174.066388972063,69.3204153919387,8.146,49.7874655706935,,3.66312057949303,,0.016927359284555004,
IRL,10951000.0,4160000000.0,112894.953240805,5395790,77.5947638686205,1.49466762755207,97.18769836,112.638817343502,65.5524363144366,4.3,60.5635643631863,57.3696073257847,2.59946721553708,0.654270171245596,2.0295452565796666,770.9714425505811
ISR,4905000.0,2661000000.0,54216.5218142787,10002200,83.9434795008134,2.69630748565323,88.18242225,177.393104798636,60.0380461490392,3.595,72.846943224759,63.961714871638,0.953618469238535,1.62581066709758,0.4903921137349783,266.0414708764072
ITA,38419000.0,20459000000.0,40429.6224047352,58952704,69.890477971121,38.1539282346571,89.2207202,132.575141676252,63.4829186800159,6.5,64.6729437802698,5.87955668717581,0.783039135276795,0.568072449338316,0.6516919054298171,347.04090926855537
JAM,1329699.95117188,,7753.8119527678,2839175,68.6194013025245,82.0756567757244,90.10870361,117.693907561175,73.0880097211338,3.151,59.9582395329518,2.427034448653,-0.535039063867487,49.4403451527686,0.46834025770580534,
JPN,4115799.8046875,11395000000.0,33797.1014287876,123975371,73.7727064050579,23.8061639521512,85.54153081,178.432441299977,58.7831280041029,2.5,71.4295377357598,5.11799438317156,-0.240084236041696,0.229153196964695,0.03319852783249586,91.91341722219973
JOR,1240000.0,1745000000.0,5073.92103605892,11552876,80.5257087286844,76.5047849029604,95.62244985,69.6426153972396,64.808399224574,16.693,57.363972712669,0.509793399517038,2.55605891810194,0.987830151085125,0.10733258108197474,151.04464031294026
KAZ,2035000.0,589000000.0,14154.6324958076,20592571,68.5077877324854,21.6652590462659,93.39167254,127.085151242164,61.9734854865864,4.833,57.9427973400804,8.42393408167895,4.99999999996936,2.55058633787163,0.09882204606700154,28.60254797713214
KEN,2049000.0,1762000000.0,2133.46193404026,56432944,41.1825728790071,43.4681661278296,34.97622513,126.477706000949,60.1977733059809,5.487,55.6862723354892,10.6089745270793,4.66019594571891,4.87166844718499,0.03630857890384028,31.222897036879736
KIR,12000.0,,2550.98377226188,134518,,29.9455910101867,89.44029999,53.5244353915461,61.0695222944141,,70.2816617647506,,4.69613259668509,,0.08920739231924352,
KOR,2519000.0,11776000000.0,36238.639908315,51751065,71.1441056814925,13.6627849669797,97.89563777,172.520241179065,70.1583600473263,2.784,57.5005082410932,11.6286945379275,2.00361101838986,0.477306316584835,0.04867532677829915,227.5508726245537
KWT,2161000.0,524000000.0,32855.7209688827,4897263,73.3523054142385,18.4821924412284,99.74729919,167.68428501222,78.6763521992823,2.151,55.6638825460997,44.7811307481636,-1.47401818168846,0.249991818449578,0.4412668872388516,106.99854183857391
KGZ,8508000.0,195000000.0,2514.81066933171,7221868,57.5034772397002,29.0493364152739,92.0286026,107.49229509732,61.976494880538,3.491,52.3154150785972,11.556876653932,11.5397119406559,1.74734308054439,1.178088549943034,27.001324311106213
LAO,886400.024414063,227000000.0,2123.97909415109,7769819,23.6880438034049,74.9125653032547,65.59269714,64.7588066942788,65.1358094699503,1.174,43.534650358474,3.50871084727487,4.13019264438475,,0.11408245474110311,29.21560978447503
LVA,3204000.0,,23578.9663562625,1866124,71.0977354404847,16.3127525258465,92.70757011,121.262202363304,62.850868769571,6.9,64.7309385900209,17.4837010008582,-0.0370556648288982,2.49681788529087,1.7169277068404887,
LBN,1936000.0,2369000000.0,4473.27134441128,5805962,76.3636463691127,68.2885653680544,80.63400269,74.0148340435503,63.6749744206881,10.985,35.7279421027064,1.77653813888075,-7.07989192861814,2.24466989542556,0.3334503394958493,408.0288503438362
LSO,1142000.0,,1023.04227681523,2337423,35.7676196175503,58.6902222340251,51.79660034,70.328049309004,61.6243105386382,16.34,51.3500898821643,0.0981801040817565,5.22503380336101,,0.4885722438771245,
LIE,58400.0015258789,,220167.225473557,40450,,,98.2641983,128.901429646351,65.0112866817156,,57.4267188977442,,,5.12242598094458,1.4437577633097378,
LTU,2284000.0,,29603.7772588256,2888278,69.1655900056089,8.0659187285101,89.16116293,138.728835196967,65.1275335904414,6.851,64.2015365423613,11.6581459440453,3.03019543767596,2.62779952622526,0.7907826047215677,
LUX,525000.0,4454000000.0,137781.681659123,677012,91.2807977979994,4.97436221288611,98.7606147,144.474949556306,68.7463969237901,6.4,81.1809464995936,3.80805748364268,0.358614003982225,1.5306610542428,0.775466313743331,6578.908497929136
MAC,5897000.0,9442000000.0,72004.7437020733,687000,88.517502628113,89.4461356046401,89.82640076,201.136947388589,71.8214344224741,2.262,92.0303853506389,0.029687552607085,7.84960207010525,0.560293537784445,8.583697234352256,13743.813682678312
MDG,87099.9984741211,202000000.0,550.37875528856,31964956,20.6172891989493,51.4514381409079,18.67790031,75.4562966735535,57.3379907045704,3.051,49.2953656188918,19.1902998059645,4.32283728087992,,0.002724859013543491,6.319420555435771
MYS,4333000.0,3386000000.0,11874.4273684245,35557673,64.5608215166271,39.2995976026554,98.0206059,139.664651283564,70.4757553949642,3.846,53.7203005018668,8.65874213939161,5.10545921024041,0.734492430713877,0.12185836795338098,95.22557901918947
MDV,555000.0,1409000000.0,13379.3513577224,527799,71.4367502726281,95.1242281536174,85.23999786,148.137074909198,75.767763864653,4.278,72.0973260767818,0.932229047620223,3.49440422654285,0.615093155858455,1.0515366645257,2669.576865435516
MLI,217000.0,,1093.2523323649,24478595,27.795932829076,32.9242935759891,36.80149841,112.119852778009,51.4737007684939,2.924,36.0673356857186,33.3417440935702,5.01653579205785,,0.008864887874487894,
MLT,718000.0,,44023.6341078148,568847,81.1579153000689,10.673062641254,93.86029816,142.070062100751,66.7571955145133,3.1,81.5881262237052,1.79151712619917,6.21275996991034,0.562898250512237,1.2622023145063612,
MHL,6099.99990463257,,7590.28443592202,37548,,46.8199574547194,65.915802,39.7060658232902,60.8847342068819,,68.1915789473684,1.50269422679599,3.30188679245282,,0.16245871696581896,
MUS,316000.0,518000000.0,11990.9355434317,1245779,74.1236271519757,48.0664070387376,73.30793533,172.68356921857,71.6632485531035,5.548,64.3727148822015,4.07725576997817,4.94844235250574,2.27249663925174,0.25365654742935945,415.80408724179813
MEX,51128000.0,11449000000.0,13988.0423745241,130861007,63.6981717471195,52.3348874827274,83.12233799,116.486713265167,67.2419370882573,2.678,58.6490269101838,3.85322686953104,1.35057631384696,24.8589948436701,0.3907046199025505,87.48977455140628
FSM,18000.0,,4251.69052668788,113160,,,39.52360153,19.9885830493962,62.2023585968602,,66.5433228584974,,2.30132923576443,0.906766290056401,0.15906680805938495,
MDA,29000.0,354000000.0,7578.90216348853,2402306,36.5905409268494,30.1897004278571,77.3687973,120.083487069521,63.9997621056353,1.427,61.7311892767386,26.735615356763,0.270670455512573,2.54314378217647,0.012071734408522479,147.35841312472266
MCO,159000.0,,288001.574856495,38631,,,99.04489899,107.400792109963,50.3611089539489,,87.2030353147193,,8.51053758860212,,4.115865496621884,
MNG,66900.0015258789,49000000.0,6750.6301157724,3524788,49.8067541824181,39.6074483942625,85.12349701,140.670025377351,62.6690528666049,5.158,44.3407185995683,3.85199323534364,5.12204539122661,5.91503475082916,0.01897986532122752,13.901545284425616
MNE,351000.0,180000000.0,13270.1824401005,623525,77.3622039793651,54.6079878679663,88.88258428,221.687322527444,64.0410757762399,13.206,63.7695853263977,7.50920174267314,3.16409886329913,0.789201202111271,0.5629285112866365,288.68128783930075
MAR,2802000.0,4514000000.0,4153.1943359375,38081173,48.0903598495352,40.7091567976862,91.2,153.057260079672,66.2284391817447,9.103,52.7268616776438,9.33369218791272,3.79336515978963,1.70500474577332,0.07357966625660402,118.53626462609226
MOZ,2033000.0,113000000.0,656.976148587772,34631766,20.4986707202032,18.0566317188996,20.52729988,49.5047696961223,52.7671675767271,6.668,41.0839779014212,0.794844807336678,2.14892499135355,,0.05870333034705767,3.2629003095019757
MMR,903000.0,2501000000.0,1359.05001560107,54500091,36.5135582898552,37.1603964358355,45.4477005,114.329042129489,68.3950435972666,2.887,38.5,2.24040290360038,-0.97204641363362,2.57510107248619,0.0165687796741477,45.889831633492136
NAM,187100.006103516,155000000.0,4501.84849548225,3030131,60.8871176269295,33.8090186441394,64.87460327,85.1648988113055,59.3473021463429,19.157,54.0604480745882,2.01916652214214,3.77851723267591,11.2077806904171,0.0617465073633833,51.15290395035726
NPL,230000.0,238000000.0,1460.28237984149,29651054,45.4888949006541,33.2559926774472,46.32189941,99.8471420273964,65.0673722244853,10.5,54.8909878849941,7.0507799391948,3.67787459697703,2.13004129984372,0.007756891205283967,8.026696116772106
NLD,7265000.0,10926200195.3125,67465.3208126875,17993485,84.2327132404915,7.32240935012186,97.00679779,128.538765867661,64.4782773402102,3.7,70.4741592609467,9.5248739661686,1.07383137319854,0.690893081283378,0.40375724880422,607.2309058146601
NCL,31000.0,,29213.1923192946,292639,77.106811437589,,,91.6763895612682,67.2677475187048,10.991,65.1940594059406,,-13.4999999989747,,0.10593256537918733,
NZL,996000.0,,49432.3626396797,5290000,74.414928815076,51.8155969463972,93.51930237,130.093457083544,64.6855719969374,4.724,68.2335892307508,6.23885230872959,-0.868722371893952,1.46149415952832,0.1882797731568998,
NIC,474000.0,,2847.87639497305,6916140,52.4180030651609,39.3569679989839,61.39550018,105.961143065351,65.7075381432084,4.98,46.8393894324261,19.4358250658517,3.58094495324541,11.3473196321723,0.06853533907642125,
NER,85000.0,130000000.0,729.856664168989,27032412,17.3308414724063,30.9592275113988,15.55760002,60.5939862118112,50.8045998484227,0.376,32.2470424171469,28.2723995288989,8.32327058280728,,0.0031443735024458785,4.809041827270168
MKD,118000.0,253000000.0,9291.8566035502,1824359,60.5766420099385,19.7458532350437,93.6,108.38712260883,65.1525033612012,12.265,56.2488933827217,21.6117320275475,2.99373536567732,1.52854990019388,0.06468025207757903,138.67884555616521
MNP,487000.0,,23785.754590043,44278,,,,,68.2457229970075,,,,16.6427546628408,,10.99869009440354,
NOR,1397000.0,2196000000.0,89888.9535204758,5572279,79.3762166078181,12.8271978246686,99.0,109.348606513576,65.0260101924808,4.0,53.5205680842577,8.13394937577002,1.42372134524737,0.724747049690651,0.25070532182613253,394.0936912886092
OMN,869000.0,669000000.0,20285.2272765262,5281538,54.4433584275524,46.1497296564487,95.25174678,120.61105087402,72.6410753837235,3.203,46.0137001295149,6.9797490103033,1.63163231397978,0.138633928990513,0.16453540616388634,126.66764870384347
PLW,18399.9996185303,,18169.0767165866,17695,,84.6964164539374,83.92549896,135.386698256896,70.4133819332599,,73.0804278125182,0.264969140789091,12.0059720184866,,1.039841741651896,
PAN,647000.0,1841000000.0,19161.218843129,4515577,66.6197690637056,32.6605371487436,72.77149963,156.586507591014,65.7519625952564,8.451,69.3442616635882,2.62187286806136,2.74784148771307,11.7072934419645,0.14328179986743667,407.6998354806041
PNG,39000.0,,2912.4914068385,10576502,54.8308392973325,1.06261360751472,18.81159973,38.7651796406789,63.0558791108761,2.625,41.9640404564101,0.261104188296789,3.88795324667848,,0.0036874195267962884,
PRY,1077000.0,104000000.0,6456.60723068562,6929153,64.8789534557871,25.8382138529153,81.57806793,126.605481531224,64.8744298184785,5.686,48.4177432720608,10.1032800316061,4.66914577981763,6.7795163925492,0.15543025244210945,15.009049446591813
PER,1119000.0,1002000000.0,8526.29665719783,34217848,59.7982208371666,52.3548372064219,81.95705992,124.623544414599,66.8014725356409,5.199,50.8679661505984,2.20013705532384,3.5152749274832,8.60480803979216,0.03270223188787325,29.282963674395887
PHL,1483000.0,2769000000.0,3985.29464669706,115843670,59.3162032087416,18.3898321556718,67.26300914,115.298749599352,66.6399983988767,2.202,63.2277855690815,15.9566076017281,5.71474526128652,4.34759149828352,0.01280173530413876,23.902902938071627
POL,88515000.0,8379000000.0,25103.565661423,36559233,63.2978087992086,11.9171816744587,88.58496367,138.016156588197,65.0508166995989,2.807,59.1475357964785,16.7175333733504,3.02841630700273,0.802314721828908,2.4211394150418855,229.18970975129594
PRT,4208000.0,10522000000.0,29328.3067415343,10694681,72.3809878491654,47.976567132538,88.48704454,124.129981203404,62.6679299405748,6.5,66.2948271282742,8.46870124273546,2.21459232301109,0.719971949892832,0.3934666213980576,983.8535623456183
PRI,3882000.0,2921000000.0,39353.2242360643,3202521,83.8824106340782,,87.29178106,126.426375391555,63.6526418448685,5.639,51.8089701174057,,3.17707554784896,14.5896581532053,1.2121700372924955,912.0939409921122
QAT,582000.0,14318000000.0,75685.0865779973,2857822,60.111192700906,27.921185136624,98.08540344,153.612474384296,83.2534395653097,0.13,45.3465716259882,3.44541870396169,3.10963283242745,0.0691454145354033,0.20365159201657765,5010.109097067627
ROU,5023000.0,1611000000.0,20080.2096215595,19051804,56.0827196502939,13.3403180409017,91.29048551,119.804862328273,64.3032364614878,5.4,62.5509064348212,25.6418520743739,0.916003764382594,1.10887485110282,0.26364957355219487,84.5589215593442
RUS,6359000.0,4961000000.0,14961.8974609375,143669648,68.7960939427504,17.753477679879,94.36495368,186.103787309059,65.5441832951973,2.43,57.7050892731262,5.54203585815521,4.92167966203073,6.76512531955806,0.04426126247626082,34.53060593563924
RWA,1634000.0,212000000.0,1059.93709298801,14256567,45.3766008356205,53.6036245630339,31.70330048,93.201462876722,58.7131340494922,11.331,52.1933573536168,3.18700596231297,7.22717103344534,3.61247427164444,0.11461384777976352,14.87034010361681
WSM,23899.9996185303,23059999.4659424,5392.87761915762,218019,56.8615328666242,70.5351110283102,,62.398669522115,55.6548840814698,4.855,69.3629975714968,8.8017225339624,4.7483863916535,,0.10962347143382135,105.77059552581382
SMR,1904000.0,,59871.3288101478,33977,,33.260045908815,97.35220337,120.269873863303,65.3330752508859,,56.8955514733865,,0.401932371532837,,56.03790799658593,
SAU,20292000.0,5960000000.0,35527.786181866,35300280,74.3640725725168,65.2377358160304,100.0,159.541370566589,73.2305753804171,3.518,46.8660828725664,3.45004286026428,2.64893068308965,0.935259944754359,0.5748396330000782,168.83718769369534
SRB,446000.0,1422000000.0,13677.7794863909,6586476,54.3442615705547,19.5137802754005,87.69071294,123.822194984291,63.0029307254993,7.24,58.7832317170655,28.5641919197405,3.94992622592932,1.31400205013848,0.06771451076417799,215.8969379073119
SYC,124500.0,228000000.0,18364.5259678223,121354,,53.9720006658139,87.81800079,125.616862703001,71.5097934725518,,68.9157410209691,0.614524305818192,3.34667429007052,7.96669919735506,1.0259241557756646,1878.8008635891688
SLE,71000.0,,806.654650274255,8642022,43.5734747491183,53.1434017329484,25.10499954,107.882000873042,58.6685697705601,3.103,42.5650434659461,3.16353117936819,4.29322334404611,2.22431228940123,0.008215669897623496,
SGP,2742000.0,,94896.5621495988,6036860,85.7394584559933,6.13353263390773,94.37757178,170.78256295407,74.6576230281015,2.737,73.148677820633,7.77939240054769,5.3435120192366,0.0690954942050905,0.45420963878572634,
SXM,1952000.0,243000000.0,41472.5870367865,43350,,80.8000805770373,,205.372695128029,70.9219040149479,,89.3434063425011,0.423608463602809,3.00000089532888,,45.02883506343714,5605.5363321799305
SVN,1216000.0,1418000000.0,34301.0318686594,2127400,64.1713918522529,26.738451841315,90.76355487,130.86090177123,63.5127305869434,3.7,57.9394382652417,8.66604534266778,1.73139722479493,0.566466326409227,0.5715897339475416,666.541318040801
SLB,4400.00009536743,7000000.0,1933.55538435227,819198,49.6160778616948,21.1142477176902,29.04070091,62.0734995506142,59.3908310323023,1.444,46.9208638145337,1.91641657681291,2.99755987604104,,0.005371106979469469,8.544942736676603
ZAF,3886600.09765625,2716000000.0,6267.186814093,64007187,73.7530079450078,39.5489468375954,78.35759735,179.336329840585,67.4256928946564,32.279,62.9921807546005,9.47859790223543,0.534843531905139,43.7202551331462,0.06072130771277685,42.43273493646893
ESP,36410000.0,,35326.7683069278,48848840,76.4350749196344,48.499640836617,95.7574516,130.260997343256,65.9328112372132,11.4,68.9025484059134,10.3676098474106,3.45525405630191,0.690855954769765,0.7453605858399094,
LKA,540000.0,1076000000.0,4545.36006870612,21916000,47.6151920138261,45.8549076640332,54.59,132.548743018664,65.8657736558357,4.239,57.4978361047906,14.0586358995322,4.99241614398109,3.31094038448808,0.02463953276145282,49.096550465413394
KNA,301399.993896484,,23960.6534357084,46843,,72.420555312098,76.88400269,118.893023653706,70.5847191682855,,66.1311026415219,0.321205899684423,0.312226855858171,64.1601437187219,6.4342589905959064,
LCA,432500.0,,14493.658470648,179744,76.0980873624982,90.0741518375506,68.20500183,98.6676436534083,72.8463059860301,10.199,74.8162470322296,0.786453365481138,4.76890217855616,39.0440891432332,2.406199928787609,
VCT,392000.0,85000000.0,11501.2265187188,100616,69.5889603915526,84.603187020104,76.19010162,108.354536057883,66.8174047865151,18.093,66.4018742438693,0.847264939542671,4.06183490050209,51.3212761232698,3.8960006360817365,844.7960562932337
SWE,1957000.0,,57222.7100565003,10569709,81.166618722452,9.0354109299867,95.52930428,140.686673016562,62.2674518966203,8.4,66.4793112706122,20.5030862115119,1.01779633304398,1.14675703743944,0.18515173880378352,
CHE,11818000.0,9994000000.0,107702.065940312,9005582,77.8521387229358,11.9914593545216,97.3443985,129.471369643132,65.0301373652331,4.343,71.4501859833139,12.7476065696781,1.39033363875791,0.597481940544685,1.3122971952284705,1109.7561490195747
SYR,2424000.0,,1056.78264718197,24672760,58.1204009460911,,,71.2231424453527,66.0948525032233,13.359,44.7217048163099,,-0.20247264200475,,0.09824600085276232,
TZA,1527000.0,2624500000.0,1192.60668945313,68560157,26.8590825384721,57.0058197772823,31.16209984,126.559163217786,54.4188908435551,1.557,29.5630742232271,1.00350897434552,5.5263138305945,3.74921291744897,0.02227241107397114,38.280250729297485
THA,39916000.0,15360000000.0,7386.63615126055,71668011,48.7593092354398,58.7829923846857,90.86718789,160.639312286761,69.887763454186,0.781,59.270961161831,0.72117334961778,2.94859986593323,,0.5569569943834496,214.32156112159998
TLS,74800.0030517578,,1331.9705130185,1400638,49.832710225301,77.5297899903303,35.04199982,116.382391453038,61.0638509022317,1.523,71.6305210315796,2.43709598929954,-9.10069289810397,,0.05340423653489181,
TGO,482000.0,264000000.0,1266.08777721447,8406558,43.6019626304146,14.976443683236,39.48320007,80.8035554767112,55.6580112811926,1.948,49.1964794843188,6.92168773862945,6.52651376797853,,0.05733618919895634,31.404053835113015
TON,94000.0,47700000.7629395,6215.38990974121,104175,52.4747093462177,65.8108786767867,67.4417038,61.7257858761257,57.8811716766418,1.965,49.5355442603151,0.121257840648993,1.71653807667747,0.946346864516251,0.902327813774898,457.8833766540869
TTO,141000.0,151000000.0,18733.4110406494,1368333,71.1301596317669,34.7039433934338,82.15989685,118.786668099235,69.8613492737509,3.318,59.1817694915092,2.65965224993746,2.50920813979569,40.4432986623964,0.10304509209381049,110.35325465365521
TUN,2012000.0,1007000000.0,4187.64079392362,12277109,54.0394899080975,25.5231902841908,76.5,117.606816067203,66.4314172009062,15.341,62.6074263616937,4.60032264285868,1.61444564976986,4.69348024650292,0.16388222992888635,82.02256736500425
TUR,15971000.0,13771000000.0,15892.7157287241,85518661,58.0799462166807,48.0232786353668,87.3078767,107.826875714392,68.2669114485188,8.8,57.5212773580131,4.55332838406335,3.3276230893799,3.22789482308636,0.18675456108930424,161.0291816893625
TCA,370399.993896484,,37506.7798431288,46535,,,,,72.6772609569244,,72.6356697517672,,5.63682517443362,76.3400403511642,7.959600169689137,
TUV,3599.99990463257,,5883.50257114002,9646,,84.454062303769,,98.8590872698158,60.3856720750609,,,1.42887779744047,3.38983050847457,,0.3732116840796776,
UGA,473000.0,518000000.0,1077.91278438613,50015092,27.3611464419171,64.0506352537584,8.949831061,83.165031466902,54.2684170783049,2.74,43.1413581135321,1.89162479943852,6.05558075875589,8.97308867739149,0.009457145455215797,10.356873881187703
UKR,3382000.0,687000000.0,5391.62255859375,37860221,60.6651539753775,6.04817745941887,82.47489929,133.38012811971,67.1490154911006,9.834,60.3904324193958,38.183813760037,3.24811808426423,3.77663964401616,0.08932858579985574,18.14569439518063
ARE,8084000.0,24615400390.625,50273.5126243239,10986400,67.9435420294033,39.2401261450668,100.0,203.206410299544,82.1220600575181,2.16,54.9012850392245,4.58026730740351,3.99181200361831,0.693218125037315,0.7358188305541397,2240.5337863745176
GBR,11101000.0,,53341.3131094262,69281000,83.0027962946641,12.8533132086782,95.4720993,121.643331373201,63.3151859345352,4.361,72.5047069906939,9.24867865376499,1.08027716858781,1.11868407522333,0.16023152090760814,
USA,45037000.0,84205000000.0,86169.6641581917,340003797,79.3873005029237,18.5451794712977,94.69380188,113.190481805755,64.7466928651531,4.022,76.2563816410471,7.87536206990779,2.79318715363841,5.76340794073065,0.13246028543616528,247.65899893759126
URY,3480000.0,1085000000.0,24308.4954958447,3386588,72.9175447010323,31.1302162962637,91.99109007,145.501755749445,65.6618351068738,8.209,65.0612263367713,20.8402439012093,3.32575905957381,11.2453054170348,1.0275829241702858,320.38145767952875
UZB,6749000.0,395000000.0,3337.45492058664,36361859,49.97147756218,48.923524871578,89.50550079,110.492018573638,63.0320578494076,4.439,46.3253634726906,9.46564335753085,6.67618796188361,1.39879762685076,0.1856065719852222,10.86303095779564
VUT,82400.0015258789,67000000.0,3959.87703462363,327777,45.1059463799795,49.7580889390087,,89.2943082123161,57.390302873138,4.988,56.7650044287552,8.2179112571746,3.76564827114278,0.3346065111081,0.2513904316833668,204.40726469520436
VNM,3837000.0,3232000000.0,4716.6599379632,100987686,39.8063485099891,,84.15,127.606471743496,67.7288116705198,1.602,42.3541982658904,,7.03955197123018,,0.037994731357642954,32.00390194107428
VIR,8612000.0,686000000.0,44320.909185774,104377,81.5627923292797,,,91.4619626157421,60.8132618809257,11.423,,,-1.31123206333498,,82.5085986376309,6572.329152974315
PSE,93000.0,,3028.25481286981,5289152,63.7764456981664,25.6595396026424,86.63765334,76.6918854204372,58.1151601426855,24.42,60.2089043447858,17.6982188745939,-22.8573273913324,0.622023007311598,0.0175831588882301,
ZMB,502000.0,,1187.10943350064,21314956,34.6642767109741,64.852131916812,17.10099983,108.704779873813,56.5959028157483,5.898,57.1882934058153,1.81427980260639,3.82004825518591,,0.023551538178169358,
ZWE,639000.0,66000000.0,2496.15514995576,16634373,33.394772809592,44.3540061637873,41.64279938,94.2451753366358,55.5245832086542,9.435,50.5845539917432,3.26611744525448,1.67649454921512,6.75833125350771,0.038414432572841786,3.9676878713733306
IDB,,10859684429.0933,1658.96290902751,676957651,44.2413696899304,36.0740597690143,41.2,88.2,58.0230995907554,4.43949809013088,51.4432557985462,15.1465292328694,4.11563151662068,,,16.04189628856606
PRE,,19266611570.16,1372.7115352549,1104843110,37.2599743024581,48.1053917679167,,86.7805674982389,55.1190524090352,4.53734249793927,46.8487968156457,5.78701533221398,3.328621675752,,,17.438323501116823
AFG,,75000000.0,416.871146273728,42647492,29.5021677680015,9.22680161633576,16.09499931,60.0990815591219,54.7115244197713,13.687,45.1614722268607,7.82851624017411,1.87319280045979,4.0324584656778,,1.7586028271017673
BWA,,217000000.0,7649.81663744354,2521139,66.1442567348372,63.157480928331,57.45950036,163.999922257361,63.8344613287883,23.81,63.5075554087284,3.77925586485781,-2.77988981666252,11.3681767255945,,86.07220783939323
GHA,,191000000.0,2419.2518672482,34427414,46.9338792969459,13.0619932588932,72.17569733,113.647966704673,60.4735365902524,2.82,43.6467320265881,1.41070797624363,5.84746854280382,1.83111773115644,,5.547904353199459
GIN,,1289999.96185303,1694.95375862185,14754785,37.7281150700377,6.96629213483146,33.30469894,97.8794996455513,55.6437265726432,5.132,36.3402000065096,51.7696629213483,5.35004659049265,,,0.08742926188711186
IRQ,,955000000.0,6073.61032342708,46042015,65.0594602798714,72.5103622627458,81.47450256,100.080276677726,60.0042634971558,15.293,45.76618170304,0.905411893819878,-1.54525198319173,,,20.74192452263438
MWI,,35000000.0,522.365366146003,21655286,27.4345746693621,10.8377138707205,18.96159935,69.260530662121,56.7083274725626,5.051,44.2239100785329,31.7026053523627,1.6734340852915,,,1.6162335607112277
MRT,,6400000.09536743,2104.54260769051,5169395,52.2814991328509,1.50103740582514,45.77939987,92.0748946443443,54.0603732099817,10.257,42.4294833153804,1.23328853474367,6.3076021190402,0.999971522550119,,1.2380559224759242
NGA,,321000000.0,1084.16041805058,232679478,49.0599947613178,6.58423434295707,41.21139908,70.7619057835431,55.9374923815531,3.045,53.7295617367143,4.03817725408016,4.07106650147703,15.7466808233499,,1.3795801965827
PAK,,765000000.0,1479.47755241191,251269164,38.2723455827609,9.23749826623409,57.253,76.8544559649986,59.0344412496235,5.492,50.7097455434804,44.6151512007476,3.08176295579301,4.33487075793336,,3.0445438979531927
SVK,,1303000000.0,25992.6748502048,5422069,62.8083952551293,12.2357351114145,89.82507032,139.967676092657,65.7013984358678,5.3,59.9609861243037,16.371276189484,1.93867445549446,1.12358440823663,,240.3141678942116
SUR,,19000000.0,6961.78956060258,634431,66.7848724954074,16.8862116056379,87.4,142.122626416427,66.4615222143937,7.621,50.8458681571261,10.5737537372566,1.72095749127065,6.51946457704576,,29.948095222333084
TJK,,102400001.525879,1362.02559981695,10590927,38.6065449782327,10.3244475109029,55.79339981,76.215892145748,59.8869268059856,7.041,36.4537028537609,1.03560271234297,8.39999980983981,0.892370798940089,,9.668653322403129
AFW,,,1416.22841156776,520655398,42.8444171031345,18.6290824386544,40.0,91.8,55.6877684088169,3.17491538811068,47.9109165001726,5.13811710191044,4.59618335068083,11.9,,
BDI,,,216.231928531758,14047786,11.5127687848366,1.6758041110274,8.595999718,63.1631365759764,52.769294036797,0.915,43.3401181504744,2.83883189635632,4.11227376394912,,,
CHI,,,74585.5224096294,168126,85.101894799171,,,,65.7660497663948,6.031,91.1810100411747,,3.71500590367266,,,
COD,,,692.887665085098,109276265,33.0949645555117,75.9971954728453,19.67350006,58.532153345468,50.8914513636216,4.421,47.2744495433871,1.26372827938891,6.1025294442863,,,
COG,,,2482.2489948456,6332961,43.7175483624836,3.14362369704577,47.25159836,95.5319320614796,56.5686098493264,19.895,45.0183730208308,5.46432892689928,2.09998918002519,,,
DJI,,,3552.72335079222,1168722,92.2769407847409,4.42411450531936,65.29889679,48.4504884885996,65.9791207832145,26.007,76.0847593876274,6.8638941750245,6.98048467276334,,,
GNQ,,,7003.58055684906,1892516,34.7540538502149,,63.29930115,49.5380486763568,59.0266452102267,8.293,49.3417725803112,,0.39622552095193,,,
FRO,,,74175.2776311377,54640,,,,105.80437318324,62.2965911244686,,53.8269113084182,,0.843716851362103,,,
GAB,,,8230.04311451151,2538952,52.1617227847048,,68.72090149,125.337107593999,59.4328997619687,20.091,36.82191091397,,3.39403899521831,,,
GRL,,,58498.9707973609,56836,,,,118.637256652974,68.3879690899811,,60.9876564756598,,0.865961986998158,,,
IMN,,,90015.2074234398,84160,,,,,62.6237961989294,,95.1657771276585,,-2.03524496955581,,,
XKX,,,7026.6988128325,1594353,,72.1920941318249,,34.5402009143477,69.215065379068,,45.6806471652704,10.3124670897948,4.5730971681166,1.89497747704421,,
LBR,,,851.497723870206,5612817,49.8454333925667,9.84944085296042,32.23360062,32.0638885570006,57.1654126617704,2.914,43.2908503417309,,4.02185464964835,,,
LBY,,,6569.16408678648,7381023,71.3953153831706,12.5443262411348,81.95449829,192.97309381967,67.5683777167474,19.085,28.3399914639351,1.85300529430084,1.89995052025442,,,
NRU,,,14048.163961344,11947,,1.53344191907281,83.01170349,87.1705787645115,59.3730381283221,,,,1.44927536231899,,,
STP,,,3502.6176807171,235536,65.2113896825142,80.7696973502844,59.11759949,62.4367400312479,58.2714356373641,9.057,81.053939821981,0.55940196327957,1.47888850952698,,,
SEN,,,1738.73223822106,18501984,47.0917586065975,39.8081125934145,60.11780167,123.894453697506,58.1999109338785,2.788,49.0753249208956,8.67023419984248,6.46220577412338,,,
SOM,,,629.538899449007,19009151,51.988528307298,,27.94020081,53.9579646939598,50.8151836975781,18.949,,,4.11139335779471,,,
MAF,,,21668.3776525323,26129,,,,,60.2568027861763,,,,4.89999967133534,,,
SDN,,,984.607666015625,50448963,46.2442434159355,68.6700408989833,,70.2084038614961,56.2269352912857,7.53,54.6666336526563,0.0588545658356921,-13.9643378424022,,,
TKM,,,5904.25772576512,7494498,49.08990355134,,,88.1929367884543,63.9628922468928,4.02,47.4536430315814,,6.28235647996578,,,
VEN,,,4244.45723136019,28405543,73.8841898793772,,76.67890167,71.0075917225029,64.793783382349,5.321,,,5.52486187845305,12.6466448562847,,
ERI,,,,3535603,31.3427491891281,,14.34939957,59.1248082166991,57.6601077666243,5.947,,,,,,
GIB,,,,39329,,,,97.6042968438406,64.7372168120217,,,,,,,
PRK,,,,26498823,23.1831618122989,,,24.1311041179361,68.6530284760195,3.539,,,,,,
SSD,,,,11943408,34.5674763692935,50.9419513574544,6.671000004,46.6152369503945,58.0908540472345,12.374,,7.3564471085076,,,,
YEM,,,,40583164,56.8251366111918,,17.49099922,50.8937810578557,56.3485358565373,16.97,,,,,,
