iso3,tour_soc_mean,usage_per_capita_index,gdp_pc,arrivals_pc
AGO,2.07,0.1,2720.81900669715,0.0057541273524053
ALB,1.15,1.02,11374.0085781236,1.1181560269367068
ARE,0.8200000000000001,2.84,50273.5126243239,0.7358188305541397
ARG,0.825,1.48,13969.7836603737,0.161917328762796
ARM,1.77,0.95,8556.21406956719,0.1236195813416845
AUS,0.7799999999999999,6.4,64609.9865116088,0.0672200034963227
AUT,0.725,2.61,58268.8787651601,1.6442612330248632
AZE,1.89,0.43,7294.64276088105,0.0780175696350914
BEL,0.79,3.8,56581.9375642531,0.217900748907334
BEN,1.16,0.39,1485.38018885134,0.0233012812800686
BFA,1.55,0.15,982.493100418428,0.0028451578873658
BGD,0.855,0.11,2593.41611680774,0.0018610025385457
BGR,0.74,1.36,17596.9167621233,0.7720346178273396
BHR,1.46,1.5,29717.1424605273,1.2016340712671605
BIH,1.24,0.61,9397.90942855997,0.0622579800034953
BOL,1.22,0.56,4421.16609889999,0.0260446132071061
BRA,0.77,0.96,10310.5486973693,0.0299671828451411
CAN,0.925,4.13,55015.7066917734,0.7859469105585387
CHE,0.895,5.02,107702.065940312,1.3122971952284703
CHL,0.8049999999999999,1.84,16658.9652720351,0.2747818327872354
CIV,0.88,0.3,2727.8935220697,0.0209179930125135
CMR,0.94,0.38,1830.00833684727,0.0350573058189221
COL,0.755,1.18,7951.08624019412,0.0263962186244495
CRI,0.905,1.57,18853.2828705886,0.2234931996857644
CYP,0.8,3.08,38674.3125,3.031034792480501
CZE,0.765,1.84,31827.7552539413,3.4114538724705703
DEU,0.865,2.4,56103.7323182554,0.1490601993306887
DNK,0.6799999999999999,3.57,71026.4832271897,2.609171971453199
DOM,0.915,0.67,10875.6618443092,0.2404713448377461
DZA,0.98,0.56,5752.99076651465,0.012624345531285
ECU,0.8,0.58,6826.5294137822,0.116236252499107
EGY,0.925,0.36,3338.47371043679,0.1117744526436975
ESP,0.865,2.69,35326.7683069278,0.7453605858399094
EST,1.27,3.21,31428.3547816104,1.2351157620445647
FIN,0.8150000000000001,2.19,53155.5451165897,0.1594331298129098
FRA,0.93,3.97,46103.0840855884,1.7083322556787943
GBR,0.865,3.35,53341.3131094262,0.1602315209076081
GEO,0.975,1.8,8967.67525638987,0.3968505853611707
GHA,0.875,0.38,2419.2518672482,
GRC,0.755,1.51,24626.1481858973,0.7117640195695701
GTM,0.8799999999999999,0.37,6150.89465281457,0.0322714557507
HND,1.42,0.26,3415.96027916712,0.0617973724200636
HRV,0.93,1.8,24049.9441746337,5.588950390564379
HTI,1.64,0.14,2060.35591768638,0.0796768280671735
HUN,0.83,1.07,23305.4482514359,3.309013272760643
IDN,0.735,0.46,4925.43644992666,0.0142969049359635
IND,0.795,0.3,2591.9916607122,0.0123465146501441
IRL,1.04,3.23,112894.953240805,2.0295452565796666
IRQ,1.245,0.24,6073.61032342708,
ISR,0.8049999999999999,3.05,54216.5218142787,0.4903921137349783
ITA,0.84,1.7,40429.6224047352,0.6516919054298171
JOR,1.47,0.64,5073.92103605892,0.1073325810819747
JPN,0.875,1.91,33797.1014287876,0.0331985278324958
KAZ,1.01,0.71,14154.6324958076,0.0988220460670015
KEN,0.8,0.34,2133.46193404026,0.0363085789038402
KGZ,2.87,0.35,2514.81066933171,1.178088549943034
KHM,1.17,0.21,2627.87969756224,0.0740413138058533
KOR,0.77,3.78,36238.639908315,0.0486753267782991
KWT,0.875,0.92,32855.7209688827,0.4412668872388516
LBN,1.14,0.96,4473.27134441128,0.3334503394958493
LKA,0.84,0.56,4545.36006870612,0.0246395327614528
LTU,0.815,2.28,29603.7772588256,0.7907826047215677
LUX,1.12,4.85,137781.681659123,0.775466313743331
LVA,0.93,2.37,23578.9663562625,1.716927706840489
MAR,0.91,0.9,4153.1943359375,0.073579666256604
MDA,1.05,1.45,7578.90216348853,0.0120717344085224
MDG,1.65,0.1,550.37875528856,0.0027248590135434
MEX,0.85,0.63,13988.0423745241,0.3907046199025505
MNG,2.05,1.37,6750.6301157724,0.0189798653212275
MOZ,1.74,0.08,656.976148587772,0.0587033303470576
MUS,1.2,1.74,11990.9355434317,0.2536565474293594
MYS,0.73,0.87,11874.4273684245,0.1218583679533809
NGA,0.87,0.24,1084.16041805058,
NLD,0.91,3.9,67465.3208126875,0.40375724880422
NOR,0.77,4.04,89888.9535204758,0.2507053218261325
NPL,0.895,0.41,1460.28237984149,0.0077568912052839
NZL,0.745,4.84,49432.3626396797,0.1882797731568998
OMN,1.65,0.73,20285.2272765262,0.1645354061638863
PAK,0.72,0.31,1479.47755241191,
PAN,1.34,1.28,19161.218843129,0.1432817998674366
PER,0.835,1.05,8526.29665719783,0.0327022318878732
PHL,0.865,0.44,3985.29464669706,0.0128017353041387
POL,1.05,1.33,25103.565661423,2.421139415041885
PRI,1.015,1.68,39353.2242360643,1.2121700372924955
PRT,0.7250000000000001,3.32,29328.3067415343,0.3934666213980576
PRY,1.24,0.59,6456.60723068562,0.1554302524421094
PSE,1.56,0.43,3028.25481286981,0.0175831588882301
QAT,0.85,1.66,75685.0865779973,0.2036515920165776
ROU,0.7949999999999999,1.37,20080.2096215595,0.2636495735521948
RWA,1.54,0.2,1059.93709298801,0.1146138477797635
SAU,0.97,0.93,35527.786181866,0.5748396330000782
SEN,0.97,0.41,1738.73223822106,
SGP,0.835,5.81,94896.5621495988,0.4542096387857263
SLV,1.42,0.59,5503.10317151907,0.1115459879495622
SRB,0.82,1.31,13677.7794863909,0.0677145107641779
SVK,0.845,1.43,25992.6748502048,
SVN,1.01,2.13,34301.0318686594,0.5715897339475416
SWE,0.86,2.98,57222.7100565003,0.1851517388037835
TGO,1.55,0.22,1266.08777721447,0.0573361891989563
THA,0.855,0.73,7386.63615126055,0.5569569943834496
TTO,1.65,1.05,18733.4110406494,0.1030450920938104
TUN,0.6599999999999999,1.4,4187.64079392362,0.1638822299288863
TUR,0.9,0.64,15892.7157287241,0.1867545610893042
TZA,1.69,0.07,1192.60668945313,0.0222724110739711
UGA,0.96,0.11,1077.91278438613,0.0094571454552157
UKR,0.955,0.78,5391.62255859375,0.0893285857998557
URY,0.935,1.89,24308.4954958447,1.0275829241702858
USA,0.955,3.87,86169.6641581917,0.1324602854361652
UZB,1.4449999999999998,0.3,3337.45492058664,0.1856065719852222
VNM,0.775,0.53,4716.6599379632,0.0379947313576429
ZAF,0.745,0.46,6267.186814093,0.0607213077127768
ZMB,1.36,0.15,1187.10943350064,0.0235515381781693
ZWE,1.18,0.2,2496.15514995576,0.0384144325728417
